EmpNumber,Age,Gender,EducationBackground,MaritalStatus,EmpDepartment,EmpJobRole,BusinessTravelFrequency,DistanceFromHome,EmpEducationLevel,EmpEnvironmentSatisfaction,EmpHourlyRate,EmpJobInvolvement,EmpJobLevel,EmpJobSatisfaction,NumCompaniesWorked,OverTime,EmpLastSalaryHikePercent,EmpRelationshipSatisfaction,TotalWorkExperienceInYears,TrainingTimesLastYear,EmpWorkLifeBalance,ExperienceYearsAtThisCompany,ExperienceYearsInCurrentRole,YearsSinceLastPromotion,YearsWithCurrManager,Attrition,PerformanceRating
E1001000,32,Male,Marketing,Single,Sales,Sales Executive,Travel_Rarely,10,Bachelor,Very High,55,High,2,Very High,1,No,12,Very High,10,2,Good,10,7,0,8,No,Excellent
E1001006,47,Male,Marketing,Single,Sales,Sales Executive,Travel_Rarely,14,Master,Very High,42,High,2,Low,2,No,12,Very High,20,2,Better,7,7,1,7,No,Excellent
E1001007,40,Male,Life Sciences,Married,Sales,Sales Executive,Travel_Frequently,5,Master,Very High,48,Medium,3,Low,5,Yes,21,High,20,2,Better,18,13,1,12,No,Outstanding
E1001009,41,Male,Human Resources,Divorced,Human Resources,Manager,Travel_Rarely,10,Master,Medium,73,Medium,5,Very High,3,No,15,Medium,23,2,Good,21,6,12,6,No,Excellent
E1001010,60,Male,Marketing,Single,Sales,Sales Executive,Travel_Rarely,16,Master,Low,84,High,2,Low,8,No,14,Very High,10,1,Better,2,2,2,2,No,Excellent
E1001011,27,Male,Life Sciences,Divorced,Development,Developer,Travel_Frequently,10,College,Very High,32,High,3,Low,1,No,21,High,9,4,Good,9,7,1,7,No,Outstanding
E1001016,50,Male,Marketing,Married,Sales,Sales Representative,Travel_Rarely,8,Master,Very High,54,High,1,Medium,7,No,15,Very High,4,2,Better,2,2,2,2,No,Excellent
E1001019,28,Female,Life Sciences,Single,Development,Developer,Travel_Rarely,1,College,Low,67,Low,1,Medium,7,Yes,13,Very High,10,4,Better,7,7,3,7,Yes,Excellent
E1001020,36,Female,Life Sciences,Married,Development,Developer,Non-Travel,8,Bachelor,Low,63,Very High,3,Low,9,No,14,Low,10,2,Better,8,7,0,5,No,Excellent
E1001021,38,Female,Life Sciences,Single,Development,Developer,Travel_Rarely,1,Bachelor,High,81,High,3,High,4,Yes,14,Very High,10,4,Best,1,0,0,0,No,Excellent
E1001022,44,Male,Medical,Single,Development,Developer,Non-Travel,24,Bachelor,Low,49,Low,1,High,2,No,14,High,9,5,Better,5,2,1,4,No,Excellent
E1001024,47,Female,Medical,Divorced,Sales,Sales Executive,Travel_Frequently,3,Bachelor,Very High,49,High,4,High,9,Yes,12,Very High,28,2,Good,22,2,11,13,No,Excellent
E1001025,30,Male,Marketing,Divorced,Sales,Sales Executive,Travel_Rarely,27,Doctor,High,99,High,2,Very High,7,No,23,Very High,10,2,Good,8,7,7,7,No,Outstanding
E1001027,29,Male,Life Sciences,Single,Sales,Sales Representative,Travel_Rarely,10,Bachelor,High,99,High,1,High,1,No,11,High,1,6,Better,1,0,0,0,No,Excellent
E1001030,42,Male,Medical,Divorced,Development,Developer,Travel_Frequently,19,Bachelor,High,57,Very High,1,High,6,Yes,12,Very High,7,2,Better,2,2,2,2,Yes,Excellent
E1001035,34,Female,Medical,Single,Development,Developer,Travel_Rarely,8,College,Medium,96,High,2,High,3,No,11,Very High,10,2,Better,5,1,4,3,No,Excellent
E1001038,39,Female,Human Resources,Married,Human Resources,Human Resources,Travel_Rarely,3,Bachelor,High,44,Very High,2,Medium,9,No,15,High,12,3,Bad,8,3,3,6,No,Excellent
E1001040,56,Male,Medical,Married,Development,Developer,Travel_Rarely,9,Bachelor,High,81,High,4,Very High,7,No,11,High,30,1,Good,10,7,1,1,No,Excellent
E1001041,40,Female,Medical,Single,Development,Developer,Travel_Rarely,2,Below College,Very High,86,Medium,1,Very High,0,Yes,20,Very High,5,2,Good,4,2,2,3,No,Outstanding
E1001042,27,Female,Medical,Single,Development,Developer,Travel_Rarely,7,Bachelor,Very High,55,Medium,2,Low,8,No,19,Low,9,2,Bad,7,6,0,7,No,Excellent
E1001044,29,Male,Marketing,Divorced,Sales,Sales Representative,Travel_Rarely,10,Bachelor,Very High,83,High,1,Medium,1,No,14,Very High,2,2,Better,2,2,2,2,No,Excellent
E1001047,53,Male,Life Sciences,Single,Development,Developer,Travel_Rarely,6,Bachelor,Very High,86,High,2,Very High,2,No,17,Very High,19,4,Better,2,2,2,2,No,Excellent
E1001049,35,Female,Life Sciences,Divorced,Development,Senior Developer,Non-Travel,2,Master,Very High,61,High,2,Low,2,No,11,Low,16,2,Best,1,0,0,0,No,Excellent
E1001050,32,Male,Life Sciences,Married,Development,Developer,Travel_Frequently,24,Master,Low,80,High,2,Very High,1,No,15,Very High,10,2,Better,10,8,4,7,No,Excellent
E1001053,34,Female,Life Sciences,Divorced,Development,Developer,Travel_Rarely,8,Doctor,Medium,32,High,2,Low,3,No,14,High,7,3,Better,0,0,0,0,No,Excellent
E1001054,52,Male,Marketing,Married,Sales,Manager,Travel_Rarely,3,Master,High,31,Medium,4,Low,1,No,11,Low,34,3,Best,34,6,1,16,No,Outstanding
E1001058,33,Male,Other,Single,Development,Developer,Travel_Rarely,1,Master,Very High,63,High,1,Very High,1,Yes,13,High,10,2,Good,10,9,7,8,Yes,Excellent
E1001059,25,Female,Medical,Single,Sales,Sales Executive,Travel_Rarely,26,Below College,High,32,High,2,Very High,1,No,23,Medium,6,5,Good,6,5,1,4,No,Outstanding
E1001061,45,Male,Technical Degree,Single,Sales,Sales Representative,Travel_Rarely,2,College,Medium,46,Low,2,High,0,No,13,Low,9,3,Better,8,7,3,1,No,Excellent
E1001062,23,Male,Medical,Single,Development,Developer,Travel_Rarely,10,Below College,Low,79,Very High,1,High,1,No,18,Very High,2,3,Better,2,2,0,2,No,Excellent
E1001063,47,Female,Life Sciences,Single,Sales,Sales Executive,Travel_Frequently,27,College,Medium,77,Very High,2,High,4,Yes,12,Very High,8,2,Better,5,4,1,3,Yes,Excellent
E1001064,34,Male,Other,Single,Sales,Sales Executive,Travel_Rarely,2,Bachelor,Very High,60,High,2,Very High,1,No,22,High,6,5,Better,6,5,1,4,No,Outstanding
E1001067,36,Male,Life Sciences,Single,Sales,Sales Executive,Non-Travel,8,Master,Low,76,Medium,3,Low,1,No,15,Medium,10,1,Better,10,7,0,9,No,Excellent
E1001069,52,Male,Medical,Married,Development,Developer,Non-Travel,19,Master,Very High,41,High,1,Very High,0,No,18,Low,5,3,Better,4,3,1,2,No,Excellent
E1001070,26,Female,Life Sciences,Divorced,Development,Developer,Travel_Frequently,1,College,Low,71,Low,1,Very High,3,No,14,Low,5,2,Better,2,2,2,0,No,Excellent
E1001071,29,Female,Medical,Married,Development,Developer,Travel_Rarely,27,Bachelor,Medium,66,High,2,High,4,No,12,Low,11,3,Good,8,7,1,1,No,Excellent
E1001074,26,Male,Technical Degree,Single,Sales,Sales Executive,Travel_Rarely,8,Bachelor,Very High,38,Medium,2,Low,6,No,17,High,6,2,Good,4,3,1,2,Yes,Excellent
E1001075,34,Female,Life Sciences,Single,Development,Developer,Travel_Rarely,1,Master,Medium,72,Very High,1,Very High,2,No,16,High,10,2,Better,4,2,1,3,No,Excellent
E1001077,54,Female,Medical,Divorced,Development,Developer,Travel_Rarely,19,Master,Very High,95,High,2,Low,9,Yes,11,Medium,9,4,Better,5,3,1,4,No,Excellent
E1001078,27,Male,Marketing,Married,Sales,Sales Executive,Travel_Frequently,8,Below College,High,84,High,2,Very High,0,No,19,Medium,5,3,Better,4,2,1,1,No,Excellent
E1001080,37,Female,Life Sciences,Divorced,Development,Developer,Travel_Rarely,10,Below College,Very High,82,High,1,Low,0,Yes,13,Medium,6,3,Good,5,3,4,3,No,Excellent
E1001081,38,Female,Life Sciences,Single,Development,Developer,Travel_Frequently,2,Master,Low,75,Very High,2,Low,6,Yes,12,Very High,17,2,Better,15,7,4,12,No,Excellent
E1001082,34,Female,Medical,Single,Development,Developer,Travel_Rarely,2,Master,High,86,Medium,1,Low,1,No,11,High,6,3,Better,6,5,1,3,No,Excellent
E1001083,35,Female,Life Sciences,Married,Sales,Sales Representative,Travel_Rarely,8,Master,Low,72,High,1,Very High,1,No,16,Medium,3,1,Good,3,2,0,2,No,Excellent
E1001085,40,Female,Medical,Married,Development,Developer,Travel_Frequently,2,College,High,38,Very High,2,Medium,1,No,24,Very High,8,2,Better,8,7,3,7,No,Outstanding
E1001086,34,Female,Life Sciences,Married,Sales,Sales Executive,Travel_Rarely,8,College,High,93,High,2,Low,5,No,17,Medium,6,1,Better,3,2,1,2,No,Excellent
E1001090,24,Male,Life Sciences,Divorced,Development,Senior Developer,Non-Travel,9,Bachelor,High,60,Medium,1,Medium,1,No,11,High,1,4,Better,1,0,0,0,No,Excellent
E1001091,52,Female,Life Sciences,Married,Development,Senior Developer,Travel_Rarely,11,Master,Very High,82,High,2,High,8,No,20,Medium,9,3,Better,5,2,1,4,No,Outstanding
E1001093,50,Male,Medical,Married,Development,Developer,Travel_Rarely,2,Bachelor,High,64,High,4,High,5,No,16,Very High,30,3,Better,4,3,0,3,No,Excellent
E1001094,29,Female,Life Sciences,Married,Development,Developer,Travel_Rarely,1,College,Medium,36,Medium,1,Low,1,Yes,11,Very High,1,1,Better,1,0,0,0,Yes,Excellent
E1001095,33,Male,Medical,Married,Development,Developer,Travel_Rarely,7,Bachelor,High,49,High,3,High,0,No,11,Very High,14,3,Best,13,9,3,7,No,Excellent
E1001097,33,Female,Marketing,Single,Sales,Sales Executive,Travel_Rarely,16,Bachelor,Low,69,High,2,Low,5,No,15,High,6,3,Better,3,2,0,2,Yes,Excellent
E1001098,47,Female,Other,Married,Development,Developer,Travel_Rarely,2,College,High,33,High,4,Very High,1,Yes,11,High,26,3,Good,26,14,3,0,No,Excellent
E1001101,36,Female,Other,Married,Development,Developer,Travel_Rarely,1,Bachelor,High,35,High,2,Medium,0,No,15,Low,10,2,Better,9,7,0,5,No,Excellent
E1001102,29,Male,Life Sciences,Married,Development,Senior Developer,Travel_Rarely,23,College,High,81,Very High,1,High,1,No,24,High,10,3,Better,10,7,0,7,No,Outstanding
E1001104,35,Female,Life Sciences,Single,Development,Senior Developer,Travel_Rarely,1,Master,Very High,40,Very High,1,High,3,No,13,High,7,0,Better,2,2,2,2,No,Excellent
E1001105,42,Female,Life Sciences,Married,Development,Developer,Travel_Rarely,1,College,Very High,43,Medium,2,Very High,9,Yes,13,Very High,8,4,Better,4,3,0,2,No,Excellent
E1001106,28,Male,Medical,Single,Development,Developer,Travel_Rarely,2,Master,High,46,High,1,High,6,No,17,Very High,5,3,Good,2,2,2,1,Yes,Excellent
E1001107,36,Male,Human Resources,Married,Human Resources,Human Resources,Travel_Rarely,13,Bachelor,High,36,High,1,Medium,4,No,13,Medium,8,2,Better,5,2,0,4,No,Excellent
E1001110,40,Male,Medical,Single,Development,Developer,Travel_Frequently,16,Master,Low,51,Medium,2,High,6,No,14,Very High,10,6,Better,1,0,0,0,No,Excellent
E1001111,30,Female,Medical,Single,Development,Developer,Travel_Rarely,2,Bachelor,High,52,Medium,2,Very High,5,Yes,24,Medium,12,4,Good,0,0,0,0,No,Outstanding
E1001112,45,Female,Life Sciences,Single,Development,Developer,Travel_Rarely,2,Bachelor,Medium,95,Medium,1,High,1,No,14,Very High,1,3,Better,1,0,0,0,No,Excellent
E1001114,42,Male,Life Sciences,Married,Development,Developer,Travel_Rarely,29,Bachelor,Medium,98,High,2,Medium,1,No,13,Very High,10,3,Good,9,8,7,8,No,Excellent
E1001115,38,Male,Life Sciences,Divorced,Development,Developer,Travel_Frequently,12,Bachelor,Low,45,Medium,2,Low,2,No,15,High,13,3,Good,4,3,1,2,No,Excellent
E1001118,49,Female,Marketing,Married,Sales,Sales Executive,Travel_Rarely,11,Bachelor,High,43,High,3,Very High,1,No,18,Low,9,3,Best,9,8,7,7,Yes,Excellent
E1001120,55,Male,Medical,Single,Sales,Sales Executive,Travel_Rarely,2,Below College,High,37,High,2,Very High,4,No,16,High,12,3,Good,9,7,7,3,Yes,Excellent
E1001121,43,Male,Life Sciences,Married,Development,Developer,Travel_Rarely,14,College,Medium,94,High,4,Low,6,No,24,High,22,3,Better,4,1,1,0,No,Excellent
E1001122,27,Male,Technical Degree,Divorced,Development,Developer,Travel_Rarely,5,Below College,High,42,Medium,3,Very High,1,Yes,16,Medium,9,3,Better,9,8,0,8,No,Excellent
E1001123,35,Male,Other,Single,Development,Developer,Travel_Rarely,7,Bachelor,High,59,High,3,High,3,No,21,Medium,17,3,Best,8,5,1,6,No,Outstanding
E1001124,28,Female,Marketing,Married,Sales,Sales Executive,Travel_Rarely,2,Master,Medium,81,High,2,Medium,1,Yes,20,Low,8,2,Better,8,7,7,5,No,Excellent
E1001126,26,Female,Medical,Married,Development,Developer,Travel_Frequently,5,College,High,88,Medium,1,High,1,Yes,14,Low,8,2,Better,8,7,1,7,Yes,Excellent
E1001128,27,Male,Medical,Married,Development,Developer,Non-Travel,3,Bachelor,Very High,50,High,1,Very High,1,No,11,High,0,6,Good,0,0,0,0,No,Excellent
E1001129,51,Female,Marketing,Married,Sales,Manager,Travel_Rarely,26,Master,Low,66,High,4,High,2,No,14,High,29,2,Good,20,6,4,17,No,Excellent
E1001130,44,Male,Medical,Single,Development,Developer,Travel_Rarely,4,Bachelor,Very High,50,High,2,Medium,9,No,12,Very High,10,2,Good,5,2,2,3,No,Excellent
E1001132,25,Male,Medical,Single,Development,Developer,Travel_Rarely,2,Below College,Low,65,Very High,1,Low,7,No,13,High,6,3,Good,4,3,0,1,No,Excellent
E1001134,35,Female,Medical,Single,Development,Senior Developer,Travel_Rarely,27,Below College,High,53,Medium,1,Low,1,No,11,Very High,6,3,Good,6,5,1,1,No,Excellent
E1001135,36,Male,Life Sciences,Married,Sales,Sales Executive,Travel_Rarely,1,College,Medium,56,High,2,Very High,1,Yes,14,Very High,18,1,Good,18,14,4,11,No,Excellent
E1001140,53,Female,Marketing,Married,Sales,Sales Executive,Travel_Rarely,7,College,Low,78,Medium,3,Very High,7,Yes,18,Very High,35,3,Better,5,2,0,4,No,Excellent
E1001142,45,Male,Marketing,Divorced,Sales,Sales Executive,Travel_Rarely,9,Bachelor,Very High,74,High,3,Low,4,Yes,12,High,18,2,Better,5,4,0,2,No,Excellent
E1001143,32,Female,Medical,Married,Development,Developer,Travel_Rarely,8,College,High,91,Very High,2,High,5,No,12,High,9,3,Good,5,3,1,3,No,Excellent
E1001146,37,Male,Marketing,Divorced,Sales,Sales Executive,Travel_Rarely,16,Master,Very High,66,Medium,2,High,4,No,19,Very High,9,2,Better,1,0,0,0,No,Excellent
E1001147,28,Male,Medical,Divorced,Human Resources,Human Resources,Travel_Rarely,8,College,Medium,63,Medium,1,Very High,1,No,13,Very High,6,6,Better,5,1,0,4,No,Excellent
E1001150,22,Male,Life Sciences,Married,Development,Senior Developer,Travel_Rarely,1,College,Very High,33,Medium,2,Very High,6,No,22,Low,4,2,Bad,2,2,2,2,No,Excellent
E1001152,44,Male,Life Sciences,Married,Development,Developer,Travel_Rarely,8,Master,Low,62,Very High,1,Very High,2,Yes,24,High,10,2,Good,3,2,0,2,No,Excellent
E1001153,42,Male,Medical,Single,Development,Senior Developer,Travel_Frequently,2,Below College,Medium,35,High,1,Very High,5,Yes,14,Very High,8,2,Better,2,1,2,2,No,Excellent
E1001156,36,Male,Life Sciences,Married,Human Resources,Human Resources,Travel_Rarely,8,Bachelor,Low,77,Medium,1,Low,0,No,21,High,6,3,Better,5,4,0,3,No,Excellent
E1001157,25,Male,Other,Married,Sales,Sales Executive,Travel_Rarely,3,Below College,High,98,High,2,Low,1,Yes,18,Very High,5,3,Better,5,3,0,3,No,Excellent
E1001159,35,Female,Life Sciences,Divorced,Development,Developer,Travel_Frequently,25,Master,Very High,96,High,1,Medium,1,Yes,19,Low,10,3,Good,10,2,7,8,Yes,Excellent
E1001160,32,Male,Life Sciences,Divorced,Development,Developer,Non-Travel,1,Bachelor,Very High,61,High,1,Very High,0,No,12,Medium,4,2,Better,3,0,0,2,No,Excellent
E1001165,49,Female,Technical Degree,Married,Data Science,Data Scientist,Travel_Rarely,1,Bachelor,High,36,High,1,Low,2,No,16,Medium,7,2,Better,4,2,0,2,No,Excellent
E1001166,24,Male,Life Sciences,Married,Development,Senior Developer,Non-Travel,4,Below College,Low,46,Medium,1,Very High,0,No,17,Very High,6,2,Good,5,2,3,4,No,Excellent
E1001167,32,Male,Life Sciences,Married,Sales,Sales Executive,Travel_Frequently,5,College,Medium,48,High,2,Medium,1,No,14,Very High,10,3,Better,10,8,5,3,No,Excellent
E1001171,38,Male,Marketing,Married,Sales,Sales Representative,Travel_Rarely,9,Bachelor,Medium,98,Medium,1,Medium,0,No,19,Very High,3,3,Better,2,2,1,2,No,Excellent
E1001173,31,Male,Life Sciences,Married,Development,Senior Developer,Travel_Rarely,11,Master,Very High,48,High,1,Very High,3,Yes,19,Medium,8,2,Better,6,4,0,2,No,Excellent
E1001175,53,Male,Marketing,Married,Sales,Sales Executive,Travel_Rarely,8,Bachelor,Low,73,High,4,Very High,5,No,14,High,28,3,Better,2,0,2,2,No,Excellent
E1001178,37,Female,Medical,Married,Sales,Sales Representative,Travel_Frequently,21,College,High,54,High,1,Very High,5,No,15,Medium,10,3,Better,5,4,0,0,No,Excellent
E1001179,53,Female,Life Sciences,Single,Development,Developer,Travel_Rarely,23,Master,Very High,72,High,4,Very High,6,No,18,High,33,0,Better,12,9,3,8,No,Excellent
E1001180,43,Female,Life Sciences,Married,Development,Developer,Travel_Frequently,1,Bachelor,Very High,33,High,2,Very High,4,No,13,Medium,12,2,Good,5,2,2,2,No,Excellent
E1001181,47,Female,Marketing,Married,Sales,Sales Executive,Travel_Rarely,2,College,High,35,High,2,Very High,0,Yes,22,Low,8,2,Better,7,6,7,7,No,Outstanding
E1001182,37,Male,Medical,Single,Sales,Sales Executive,Non-Travel,19,College,Low,32,High,3,Medium,1,Yes,13,Very High,10,2,Better,10,0,0,9,No,Excellent
E1001183,50,Male,Life Sciences,Divorced,Development,Developer,Non-Travel,2,Master,Low,98,High,4,Low,1,No,11,Very High,31,3,Better,31,6,14,7,No,Excellent
E1001187,39,Female,Life Sciences,Married,Human Resources,Human Resources,Travel_Rarely,2,Bachelor,Very High,42,Medium,2,Very High,8,No,11,High,13,2,Better,5,4,0,4,No,Excellent
E1001188,33,Male,Human Resources,Divorced,Human Resources,Human Resources,Travel_Rarely,3,College,Very High,57,High,1,Medium,3,Yes,11,High,7,4,Best,4,3,0,3,No,Excellent
E1001189,32,Male,Life Sciences,Single,Development,Developer,Travel_Rarely,25,Master,Low,87,High,1,Very High,1,Yes,24,High,1,2,Bad,1,0,0,1,Yes,Excellent
E1001191,44,Male,Life Sciences,Married,Development,Developer,Travel_Rarely,9,College,Medium,61,High,1,Low,1,Yes,13,Very High,8,0,Better,8,7,7,1,No,Excellent
E1001196,58,Male,Life Sciences,Divorced,Development,Developer,Travel_Frequently,2,Below College,Very High,57,Medium,1,Very High,9,Yes,14,Very High,3,3,Good,1,0,0,0,Yes,Excellent
E1001200,20,Female,Medical,Single,Sales,Sales Representative,Travel_Rarely,2,Bachelor,High,49,Medium,1,High,1,No,13,Very High,2,3,Good,2,2,0,2,Yes,Excellent
E1001201,21,Female,Other,Single,Data Science,Data Scientist,Travel_Rarely,18,Below College,Very High,65,High,1,Very High,1,No,19,Low,1,3,Good,1,0,0,0,Yes,Excellent
E1001202,36,Male,Life Sciences,Married,Data Science,Data Scientist,Travel_Rarely,14,Below College,High,68,High,2,Very High,0,Yes,17,Low,17,2,Good,16,8,4,11,No,Excellent
E1001203,47,Female,Life Sciences,Single,Sales,Sales Representative,Travel_Rarely,2,Master,Very High,65,Medium,1,Very High,1,Yes,18,Low,3,3,Good,3,2,1,2,No,Excellent
E1001204,22,Female,Life Sciences,Married,Development,Developer,Travel_Rarely,3,Below College,Medium,34,High,2,High,0,Yes,19,Low,4,3,Best,3,2,0,2,Yes,Excellent
E1001208,28,Female,Medical,Divorced,Development,Developer,Travel_Rarely,9,Bachelor,High,77,High,1,High,5,No,18,Medium,6,2,Better,2,2,2,2,No,Excellent
E1001210,39,Male,Medical,Married,Development,Senior Developer,Travel_Rarely,6,Bachelor,Very High,70,High,1,Low,7,Yes,21,Very High,8,2,Bad,2,2,2,2,Yes,Excellent
E1001211,27,Female,Life Sciences,Single,Development,Developer,Travel_Rarely,4,Bachelor,Medium,76,High,1,High,1,No,19,High,1,2,Better,1,1,0,0,No,Excellent
E1001212,34,Male,Life Sciences,Divorced,Development,Developer,Travel_Rarely,10,Bachelor,Medium,83,High,1,Medium,1,No,14,Medium,1,3,Better,1,0,1,0,No,Excellent
E1001214,42,Female,Medical,Single,Sales,Sales Executive,Travel_Rarely,14,College,High,68,Medium,2,High,7,No,17,Low,10,6,Better,5,4,0,3,No,Excellent
E1001217,33,Male,Other,Single,Development,Senior Developer,Travel_Rarely,1,Master,High,100,Medium,1,Low,3,Yes,11,Medium,6,1,Better,3,2,0,2,No,Excellent
E1001218,58,Female,Technical Degree,Divorced,Development,Senior Developer,Travel_Rarely,5,Bachelor,High,37,Medium,3,Medium,2,Yes,13,Very High,24,3,Better,6,0,0,4,No,Excellent
E1001219,31,Male,Life Sciences,Married,Sales,Sales Representative,Travel_Rarely,7,Master,Medium,41,Medium,1,High,3,No,15,Medium,13,2,Best,7,7,5,2,No,Excellent
E1001220,35,Female,Life Sciences,Married,Development,Senior Developer,Travel_Rarely,21,Below College,Very High,51,High,2,Very High,1,Yes,25,Very High,10,2,Bad,10,6,0,7,No,Excellent
E1001223,48,Male,Medical,Married,Data Science,Data Scientist,Travel_Rarely,20,Master,Very High,51,High,1,High,4,No,17,Low,13,2,Good,0,0,0,0,No,Excellent
E1001225,31,Female,Marketing,Married,Sales,Sales Executive,Non-Travel,20,College,Very High,45,High,2,High,1,No,13,Very High,9,2,Good,9,8,0,0,No,Excellent
E1001227,36,Male,Other,Single,Development,Developer,Travel_Rarely,7,Master,Medium,65,High,1,Very High,2,No,18,High,8,6,Better,6,2,0,1,No,Excellent
E1001228,38,Female,Technical Degree,Married,Development,Senior Developer,Travel_Rarely,1,Bachelor,Very High,80,High,3,Low,1,No,13,Medium,15,3,Better,15,12,5,11,No,Excellent
E1001229,32,Female,Life Sciences,Married,Development,Senior Developer,Non-Travel,1,Bachelor,High,70,Medium,1,Medium,6,No,20,High,5,3,Better,3,0,0,2,No,Outstanding
E1001230,25,Male,Marketing,Married,Sales,Sales Representative,Travel_Rarely,19,College,High,36,Medium,1,Medium,1,Yes,18,High,1,2,Better,1,0,0,0,Yes,Excellent
E1001235,41,Male,Medical,Single,Development,Developer,Travel_Rarely,6,Bachelor,Very High,59,High,1,Low,2,Yes,13,High,20,3,Better,18,13,2,17,No,Excellent
E1001236,36,Male,Medical,Single,Development,Developer,Travel_Rarely,2,Master,High,79,High,1,High,4,No,21,High,16,6,Better,11,8,3,9,No,Outstanding
E1001237,19,Male,Other,Single,Sales,Sales Representative,Travel_Rarely,21,Bachelor,Very High,37,Medium,1,Medium,1,Yes,13,Medium,1,3,Best,1,0,0,0,Yes,Excellent
E1001238,20,Male,Technical Degree,Single,Development,Developer,Travel_Rarely,4,Bachelor,Low,84,High,1,Low,1,No,19,Medium,1,2,Better,1,0,0,0,Yes,Excellent
E1001239,31,Female,Medical,Married,Development,Developer,Travel_Rarely,12,Bachelor,Very High,41,High,2,Very High,0,Yes,11,High,10,2,Bad,9,7,8,5,No,Excellent
E1001245,36,Male,Life Sciences,Married,Sales,Sales Executive,Travel_Rarely,3,Below College,High,51,Medium,3,Very High,1,Yes,11,Low,16,6,Better,16,7,3,7,Yes,Excellent
E1001248,37,Male,Life Sciences,Married,Sales,Sales Executive,Travel_Rarely,1,Master,Low,46,Medium,3,High,5,No,11,High,17,2,Bad,14,1,11,7,Yes,Good
E1001250,45,Male,Life Sciences,Married,Development,Developer,Non-Travel,4,College,High,57,High,2,Medium,1,No,12,Medium,9,5,Good,9,7,0,8,No,Excellent
E1001252,29,Female,Technical Degree,Married,Sales,Sales Representative,Travel_Frequently,20,Bachelor,High,84,High,1,Very High,1,No,15,Medium,3,5,Better,3,1,0,2,No,Excellent
E1001253,35,Female,Medical,Married,Sales,Sales Executive,Travel_Rarely,18,Bachelor,High,86,High,2,High,1,No,16,Medium,5,3,Better,5,2,1,0,No,Excellent
E1001254,52,Male,Life Sciences,Married,Development,Senior Developer,Travel_Rarely,1,College,Very High,70,High,4,Very High,2,No,15,Medium,26,2,Good,9,8,7,8,No,Excellent
E1001259,53,Male,Medical,Divorced,Sales,Manager,Travel_Rarely,2,College,High,45,High,4,High,6,No,13,High,22,3,Best,17,13,15,2,No,Excellent
E1001260,30,Male,Other,Divorced,Sales,Sales Executive,Travel_Rarely,8,College,High,62,High,3,High,5,No,11,Low,10,2,Best,8,4,7,7,No,Excellent
E1001262,35,Male,Life Sciences,Divorced,Sales,Sales Executive,Travel_Rarely,3,Master,Very High,92,High,3,Very High,6,No,13,Medium,12,2,Better,10,9,0,8,No,Excellent
E1001263,39,Male,Life Sciences,Single,Sales,Sales Executive,Travel_Rarely,2,Doctor,Low,41,Very High,3,High,0,No,18,Very High,9,3,Better,8,7,0,7,No,Excellent
E1001264,40,Female,Life Sciences,Single,Sales,Sales Executive,Non-Travel,24,Bachelor,Medium,100,Very High,4,Medium,4,Yes,16,Very High,22,2,Good,1,0,0,0,Yes,Excellent
E1001265,47,Male,Medical,Divorced,Development,Senior Developer,Travel_Frequently,16,Master,High,64,Very High,2,High,1,Yes,19,High,20,3,Best,19,10,2,7,No,Excellent
E1001268,36,Male,Technical Degree,Divorced,Sales,Sales Executive,Non-Travel,8,Master,Low,84,High,2,Very High,4,No,13,Very High,12,3,Better,7,7,0,7,No,Excellent
E1001269,31,Male,Medical,Single,Development,Developer,Non-Travel,9,College,High,46,Medium,1,Low,0,Yes,22,Low,4,0,Better,3,2,1,2,Yes,Outstanding
E1001270,33,Male,Life Sciences,Single,Sales,Manager,Non-Travel,17,Bachelor,Very High,38,High,4,High,1,No,11,Very High,10,2,Better,10,8,6,0,No,Excellent
E1001272,29,Female,Life Sciences,Single,Development,Developer,Travel_Rarely,10,Bachelor,Very High,92,Medium,1,Low,6,Yes,20,High,3,5,Better,0,0,0,0,Yes,Outstanding
E1001273,33,Female,Life Sciences,Single,Development,Developer,Travel_Rarely,13,Below College,Medium,53,High,1,Very High,3,No,18,Low,5,4,Better,3,2,0,2,No,Excellent
E1001274,45,Female,Medical,Divorced,Development,Developer,Travel_Rarely,1,Master,Very High,91,High,1,Very High,3,No,14,Very High,8,2,Better,5,3,0,2,No,Excellent
E1001275,50,Male,Medical,Divorced,Development,Senior Developer,Travel_Rarely,1,College,Very High,66,High,4,Very High,9,No,22,High,32,1,Good,5,4,1,3,No,Outstanding
E1001276,33,Female,Other,Married,Development,Developer,Travel_Frequently,1,Master,High,84,Very High,2,Medium,1,Yes,13,Low,6,2,Better,6,5,1,2,No,Excellent
E1001277,41,Male,Medical,Divorced,Development,Developer,Travel_Frequently,9,Bachelor,Low,64,High,5,High,2,No,17,Medium,21,2,Best,18,16,0,11,No,Excellent
E1001280,45,Male,Life Sciences,Married,Development,Developer,Non-Travel,23,College,Very High,42,High,2,Low,1,Yes,15,High,9,2,Better,9,8,0,8,No,Excellent
E1001281,47,Female,Life Sciences,Single,Sales,Sales Executive,Travel_Rarely,4,College,Very High,83,High,2,Very High,1,Yes,17,High,9,0,Better,9,0,0,7,No,Excellent
E1001282,30,Female,Life Sciences,Married,Development,Developer,Travel_Rarely,22,Bachelor,Low,48,High,1,High,4,Yes,11,Medium,7,2,Better,5,2,0,1,Yes,Excellent
E1001283,50,Male,Life Sciences,Married,Development,Developer,Travel_Rarely,24,Bachelor,Very High,95,High,4,High,3,Yes,18,Very High,22,2,Better,12,11,1,5,No,Excellent
E1001284,38,Male,Medical,Married,Research & Development,Senior Manager R&D,Travel_Frequently,10,Below College,High,66,High,1,High,0,No,17,Medium,3,0,Good,2,1,0,2,No,Excellent
E1001288,35,Male,Other,Divorced,Research & Development,Laboratory Technician,Travel_Rarely,14,Master,High,39,Medium,1,Medium,1,Yes,24,Very High,5,2,Bad,4,2,0,2,Yes,Excellent
E1001289,31,Female,Life Sciences,Married,Research & Development,Manufacturing Director,Travel_Frequently,1,Below College,High,96,High,2,Low,1,No,12,High,4,1,Better,4,3,0,3,No,Excellent
E1001290,18,Male,Life Sciences,Single,Research & Development,Research Scientist,Non-Travel,5,College,Medium,73,High,1,Very High,1,No,15,Very High,0,2,Better,0,0,0,0,No,Excellent
E1001291,54,Female,Technical Degree,Married,Research & Development,Senior Manager R&D,Travel_Rarely,17,Bachelor,High,56,High,3,High,8,No,11,High,22,2,Better,10,7,0,8,No,Excellent
E1001292,35,Female,Medical,Divorced,Research & Development,Healthcare Representative,Travel_Rarely,25,Master,High,57,High,3,High,1,Yes,11,High,16,3,Good,16,10,10,1,No,Excellent
E1001293,30,Female,Life Sciences,Married,Research & Development,Research Director,Travel_Rarely,8,College,Medium,73,Very High,3,Low,0,Yes,12,High,9,4,Good,8,7,1,7,No,Good
E1001296,26,Male,Medical,Married,Research & Development,Senior Manager R&D,Travel_Rarely,2,College,Very High,32,Very High,2,Very High,1,No,12,Medium,8,2,Better,8,7,1,3,No,Excellent
E1001297,22,Male,Life Sciences,Married,Research & Development,Laboratory Technician,Travel_Rarely,8,Below College,Medium,94,Low,1,Low,1,No,15,Low,4,3,Good,4,3,1,1,No,Good
E1001300,48,Male,Life Sciences,Single,Research & Development,Healthcare Representative,Travel_Rarely,6,Bachelor,Low,97,Medium,2,High,2,No,13,Very High,19,0,Better,2,2,2,2,No,Good
E1001302,48,Male,Life Sciences,Single,Research & Development,Senior Manager R&D,Travel_Rarely,4,Master,High,78,Medium,3,High,7,No,14,Medium,27,3,Better,15,11,4,8,No,Excellent
E1001303,41,Female,Medical,Single,Research & Development,Manufacturing Director,Travel_Rarely,7,College,Very High,42,High,2,High,6,No,14,Medium,8,6,Better,2,2,2,1,No,Excellent
E1001304,39,Female,Life Sciences,Married,Research & Development,Manufacturing Director,Travel_Rarely,1,Below College,Very High,65,Medium,4,Very High,1,No,16,High,21,3,Better,21,6,11,8,No,Excellent
E1001305,27,Female,Life Sciences,Married,Research & Development,Senior Manager R&D,Travel_Rarely,2,Master,Low,47,High,2,Very High,0,No,18,Medium,4,2,Better,3,2,2,2,No,Good
E1001306,35,Male,Other,Divorced,Research & Development,Laboratory Technician,Travel_Rarely,10,Bachelor,Medium,45,High,1,Very High,1,No,20,Low,3,4,Good,3,2,1,2,No,Good
E1001307,42,Male,Marketing,Married,Sales,Manager,Travel_Rarely,5,College,Very High,90,High,5,High,6,No,13,Medium,21,3,Best,1,0,0,0,No,Outstanding
E1001308,50,Male,Life Sciences,Married,Research & Development,Laboratory Technician,Travel_Rarely,9,Bachelor,Low,64,High,1,Very High,4,No,18,Medium,8,5,Better,1,0,0,0,No,Excellent
E1001310,59,Female,Life Sciences,Single,Research & Development,Manufacturing Director,Travel_Rarely,2,Bachelor,High,69,Medium,4,Very High,3,Yes,13,Low,30,4,Better,5,3,4,3,No,Excellent
E1001312,55,Male,Medical,Married,Research & Development,Healthcare Representative,Travel_Frequently,18,Master,High,62,High,2,Medium,3,Yes,14,Very High,17,3,Better,8,7,6,7,No,Excellent
E1001313,41,Female,Life Sciences,Divorced,Research & Development,Research Director,Non-Travel,7,Below College,Medium,55,Low,5,High,1,No,22,Medium,21,3,Better,21,16,5,10,No,Good
E1001314,38,Male,Life Sciences,Single,Sales,Sales Executive,Travel_Rarely,3,Master,Medium,42,High,2,Very High,8,Yes,12,High,19,1,Better,1,0,0,0,No,Excellent
E1001315,26,Male,Medical,Single,Sales,Sales Executive,Non-Travel,29,College,Medium,79,Low,2,Low,8,No,18,Very High,7,6,Better,2,2,2,2,Yes,Good
E1001316,52,Female,Marketing,Married,Sales,Manager,Travel_Rarely,2,Below College,Low,57,Low,5,Very High,1,No,15,Very High,33,3,Better,32,14,6,9,Yes,Good
E1001317,44,Female,Medical,Married,Sales,Sales Executive,Travel_Rarely,28,Bachelor,Very High,53,Very High,4,Very High,3,Yes,18,High,23,2,Better,12,11,11,11,No,Excellent
E1001318,50,Female,Life Sciences,Married,Sales,Sales Executive,Non-Travel,1,Bachelor,Very High,95,High,2,High,0,No,12,Low,19,3,Better,18,7,0,13,No,Excellent
E1001321,39,Female,Medical,Single,Research & Development,Manufacturing Director,Travel_Frequently,22,Bachelor,Very High,82,High,3,Low,1,Yes,13,High,21,2,Better,21,6,2,8,No,Excellent
E1001322,33,Female,Life Sciences,Single,Sales,Sales Representative,Non-Travel,8,Below College,Medium,88,Medium,1,Very High,0,No,19,Very High,3,2,Good,2,2,2,2,No,Good
E1001323,45,Female,Life Sciences,Married,Sales,Manager,Travel_Rarely,11,College,Very High,90,High,4,Very High,3,No,13,Medium,26,4,Best,9,3,1,1,No,Excellent
E1001324,32,Female,Medical,Single,Research & Development,Senior Manager R&D,Non-Travel,29,Master,Very High,69,High,1,High,9,No,12,Medium,10,2,Better,8,7,7,7,No,Excellent
E1001325,34,Male,Marketing,Divorced,Sales,Sales Executive,Travel_Rarely,1,Master,Medium,75,Very High,2,Very High,0,No,11,Very High,16,2,Good,15,1,0,9,No,Excellent
E1001326,59,Male,Technical Degree,Married,Sales,Manager,Travel_Rarely,1,College,Medium,66,High,3,Very High,3,Yes,14,High,14,1,Bad,6,4,0,4,No,Excellent
E1001327,45,Male,Medical,Single,Human Resources,Human Resources,Travel_Rarely,24,Master,Medium,36,High,1,Medium,1,No,16,Low,6,3,Better,6,3,0,4,No,Excellent
E1001330,36,Male,Other,Divorced,Research & Development,Laboratory Technician,Travel_Rarely,15,Bachelor,Low,81,High,2,High,7,No,14,Medium,9,3,Good,1,0,0,0,Yes,Excellent
E1001331,26,Male,Life Sciences,Married,Research & Development,Research Scientist,Travel_Frequently,2,Bachelor,Low,57,High,1,Low,6,Yes,14,Medium,6,2,Better,3,2,1,2,Yes,Good
E1001334,28,Male,Medical,Married,Sales,Sales Representative,Travel_Rarely,10,Below College,Very High,74,High,1,Medium,1,No,22,Medium,1,5,Better,1,0,0,0,No,Outstanding
E1001338,38,Male,Other,Married,Research & Development,Senior Manager R&D,Travel_Frequently,3,Master,High,44,High,1,High,3,No,16,Low,8,2,Better,2,2,2,2,No,Excellent
E1001339,50,Male,Medical,Married,Research & Development,Senior Manager R&D,Travel_Rarely,2,Master,Medium,62,High,5,High,2,Yes,11,Very High,29,2,Good,8,1,7,7,No,Excellent
E1001340,37,Female,Other,Single,Research & Development,Healthcare Representative,Travel_Rarely,3,Bachelor,Very High,35,High,2,Medium,3,No,15,Low,8,3,Good,4,3,0,1,No,Excellent
E1001344,40,Male,Marketing,Married,Sales,Sales Executive,Travel_Rarely,26,Bachelor,High,74,High,2,Low,1,No,14,Medium,8,3,Good,7,7,7,5,No,Excellent
E1001346,26,Female,Medical,Divorced,Research & Development,Research Scientist,Travel_Frequently,1,Below College,Low,66,Medium,1,High,1,No,13,High,5,5,Better,5,3,1,3,No,Good
E1001348,54,Female,Life Sciences,Married,Sales,Sales Executive,Travel_Rarely,2,Master,High,41,Medium,3,High,6,No,11,Medium,13,4,Better,9,4,7,0,No,Excellent
E1001349,56,Female,Medical,Married,Research & Development,Senior Manager R&D,Travel_Frequently,9,Bachelor,Low,63,High,1,High,2,No,19,Medium,18,4,Better,5,4,0,3,No,Excellent
E1001351,36,Female,Medical,Single,Research & Development,Manufacturing Director,Travel_Rarely,12,Doctor,Very High,51,Medium,3,Very High,0,No,11,Medium,15,2,Good,14,8,7,8,No,Excellent
E1001352,55,Male,Medical,Single,Research & Development,Manager,Non-Travel,2,Below College,High,40,Medium,4,Low,7,No,15,Medium,31,3,Best,9,7,6,2,No,Outstanding
E1001354,43,Male,Medical,Divorced,Sales,Sales Executive,Travel_Rarely,25,Bachelor,High,79,Medium,3,Very High,5,No,13,High,18,5,Better,1,0,0,0,No,Excellent
E1001355,20,Female,Marketing,Single,Sales,Sales Representative,Travel_Frequently,9,Bachelor,Very High,54,High,1,Very High,1,Yes,14,Medium,2,3,Better,2,2,0,2,Yes,Excellent
E1001357,21,Female,Life Sciences,Single,Research & Development,Senior Manager R&D,Travel_Rarely,10,Bachelor,High,36,Medium,1,Low,1,No,13,Low,1,6,Good,1,0,1,0,Yes,Excellent
E1001358,46,Female,Life Sciences,Divorced,Research & Development,Senior Manager R&D,Travel_Rarely,8,Master,Very High,74,Medium,2,Low,8,Yes,23,Low,19,2,Better,16,13,1,7,No,Outstanding
E1001360,28,Male,Technical Degree,Single,Research & Development,Senior Manager R&D,Non-Travel,24,College,Medium,72,Medium,3,Low,1,No,12,Low,10,2,Good,10,7,1,9,Yes,Good
E1001361,26,Male,Medical,Married,Research & Development,Laboratory Technician,Travel_Rarely,1,College,Low,59,Medium,1,Low,1,No,16,Low,6,2,Better,5,3,1,3,No,Good
E1001362,30,Male,Other,Married,Research & Development,Senior Manager R&D,Travel_Rarely,20,Bachelor,High,85,High,2,Low,0,No,15,High,7,1,Good,6,2,0,2,No,Excellent
E1001366,38,Female,Life Sciences,Married,Research & Development,Healthcare Representative,Travel_Rarely,17,Below College,High,65,Medium,3,High,0,No,18,Low,20,4,Good,19,9,1,9,No,Excellent
E1001370,40,Male,Technical Degree,Married,Research & Development,Senior Manager R&D,Travel_Rarely,20,Master,Low,61,High,3,Very High,4,No,20,Very High,14,6,Better,11,10,11,1,No,Good
E1001372,27,Male,Life Sciences,Married,Research & Development,Senior Manager R&D,Non-Travel,8,Doctor,Low,87,Low,1,High,1,No,19,Very High,3,4,Better,3,2,1,2,No,Good
E1001374,55,Male,Life Sciences,Married,Research & Development,Manager R&D,Travel_Frequently,2,Below College,Very High,65,High,3,Medium,3,No,18,Medium,23,4,Better,3,2,1,2,No,Excellent
E1001376,44,Male,Medical,Married,Human Resources,Human Resources,Travel_Rarely,1,College,Medium,91,Medium,3,Low,9,No,14,Very High,24,1,Better,20,6,3,6,Yes,Good
E1001379,33,Female,Medical,Single,Research & Development,Research Scientist,Travel_Frequently,29,Master,Low,54,Medium,2,High,1,No,22,Medium,14,4,Better,13,7,3,8,Yes,Good
E1001381,34,Male,Life Sciences,Single,Research & Development,Healthcare Representative,Travel_Frequently,3,Below College,Low,45,High,2,Very High,0,No,17,High,7,1,Good,6,2,0,4,No,Excellent
E1001384,25,Male,Technical Degree,Married,Research & Development,Manager R&D,Travel_Rarely,4,Below College,Very High,32,High,1,Very High,1,Yes,15,Medium,7,3,Best,7,7,5,6,Yes,Excellent
E1001385,26,Male,Medical,Divorced,Research & Development,Manager R&D,Travel_Rarely,21,Bachelor,Low,37,High,1,High,1,No,20,High,1,0,Good,1,1,0,0,Yes,Outstanding
E1001387,42,Male,Medical,Married,Research & Development,Manager,Travel_Rarely,2,College,Very High,35,High,4,Low,0,No,17,Very High,23,3,Better,22,6,13,7,No,Excellent
E1001389,28,Male,Medical,Divorced,Research & Development,Manager R&D,Travel_Frequently,1,Bachelor,Low,45,Medium,1,Medium,1,No,15,Low,1,2,Better,1,0,0,0,Yes,Excellent
E1001391,50,Male,Other,Single,Sales,Sales Executive,Travel_Frequently,1,Master,Very High,81,High,2,High,3,Yes,14,Very High,5,4,Better,0,0,0,0,Yes,Excellent
E1001392,33,Female,Life Sciences,Married,Sales,Sales Executive,Travel_Frequently,7,Bachelor,Very High,30,High,2,Medium,0,No,17,High,4,3,Better,3,2,0,2,No,Excellent
E1001393,34,Male,Life Sciences,Married,Research & Development,Research Scientist,Non-Travel,3,Master,High,40,Medium,1,Very High,3,No,17,Very High,6,2,Better,0,0,0,0,No,Excellent
E1001394,48,Male,Medical,Single,Research & Development,Manager R&D,Non-Travel,1,Master,Low,35,Very High,4,Very High,2,No,22,High,27,3,Good,5,4,2,1,No,Good
E1001395,45,Female,Life Sciences,Married,Sales,Sales Executive,Non-Travel,9,Master,Medium,65,Medium,2,High,1,No,13,Very High,15,2,Better,15,10,4,12,No,Good
E1001396,52,Male,Life Sciences,Single,Research & Development,Healthcare Representative,Travel_Rarely,7,Master,Medium,87,High,3,Medium,7,No,19,Very High,18,4,Better,8,6,4,0,No,Good
E1001397,38,Male,Marketing,Divorced,Sales,Sales Executive,Travel_Rarely,10,Master,High,73,Medium,3,High,0,Yes,14,Medium,9,2,Better,8,7,2,7,No,Excellent
E1001398,29,Female,Life Sciences,Divorced,Research & Development,Manager R&D,Travel_Rarely,28,Master,High,93,High,1,Very High,4,No,22,Low,11,1,Better,7,5,1,7,No,Outstanding
E1001399,28,Female,Medical,Divorced,Research & Development,Manufacturing Director,Travel_Rarely,3,Bachelor,Very High,93,High,3,Medium,0,No,17,Medium,10,3,Good,9,7,1,7,No,Excellent
E1001402,46,Male,Marketing,Married,Sales,Manager,Travel_Rarely,3,Below College,Low,52,High,4,High,3,No,12,Very High,23,3,Better,12,9,4,9,No,Good
E1001403,38,Male,Marketing,Single,Sales,Sales Executive,Travel_Rarely,2,College,Very High,32,High,3,Medium,7,No,16,High,10,2,Better,1,0,0,0,No,Excellent
E1001405,39,Male,Life Sciences,Divorced,Research & Development,Healthcare Representative,Travel_Frequently,2,Bachelor,Low,84,High,4,Very High,7,No,11,Very High,21,4,Better,18,7,11,5,Yes,Good
E1001406,40,Male,Medical,Single,Research & Development,Manager R&D,Travel_Rarely,14,Bachelor,High,44,Medium,5,High,1,No,14,Low,21,2,Best,20,7,4,9,No,Excellent
E1001410,39,Male,Life Sciences,Single,Research & Development,Laboratory Technician,Non-Travel,9,Bachelor,High,70,High,2,Medium,9,No,15,High,9,2,Good,5,4,0,3,No,Excellent
E1001411,36,Male,Life Sciences,Single,Research & Development,Manufacturing Director,Non-Travel,18,Master,Low,78,High,2,Very High,2,No,20,Low,18,0,Better,11,9,0,9,No,Excellent
E1001413,31,Male,Life Sciences,Married,Sales,Sales Representative,Travel_Frequently,20,Bachelor,High,67,Very High,1,Very High,0,No,12,Low,3,4,Better,2,2,2,2,No,Excellent
E1001414,28,Male,Life Sciences,Married,Research & Development,Manager R&D,Travel_Rarely,2,Below College,Low,67,Medium,1,Medium,0,No,17,Low,6,2,Bad,5,3,0,4,No,Excellent
E1001415,35,Male,Marketing,Divorced,Sales,Sales Executive,Travel_Frequently,11,College,Very High,54,High,2,Very High,1,No,11,Very High,5,3,Better,5,2,0,2,No,Excellent
E1001416,49,Male,Technical Degree,Married,Sales,Sales Executive,Travel_Rarely,8,Master,Very High,56,Medium,4,Medium,6,No,17,Medium,22,3,Better,9,8,2,3,No,Excellent
E1001418,34,Male,Life Sciences,Single,Research & Development,Manager R&D,Travel_Frequently,2,College,Very High,95,High,2,High,2,No,11,Very High,5,3,Good,3,2,0,2,No,Excellent
E1001421,29,Female,Life Sciences,Divorced,Research & Development,Research Scientist,Travel_Frequently,10,Bachelor,Very High,61,High,1,Medium,0,No,14,Very High,8,2,Good,7,5,1,1,No,Excellent
E1001426,42,Male,Medical,Single,Research & Development,Laboratory Technician,Travel_Rarely,29,Bachelor,Medium,56,Low,2,Very High,4,No,19,Low,16,3,Better,1,0,0,0,No,Excellent
E1001428,29,Male,Medical,Married,Research & Development,Manufacturing Director,Travel_Rarely,8,Below College,Medium,79,Medium,2,Very High,1,Yes,15,High,10,2,Good,10,7,1,2,No,Good
E1001432,28,Male,Life Sciences,Divorced,Research & Development,Research Scientist,Travel_Frequently,6,Bachelor,High,39,Medium,1,High,1,Yes,14,Very High,3,2,Better,3,1,0,2,No,Excellent
E1001434,18,Male,Medical,Single,Research & Development,Laboratory Technician,Non-Travel,8,Below College,High,80,High,1,High,1,No,12,Very High,0,0,Better,0,0,0,0,Yes,Excellent
E1001435,33,Female,Marketing,Single,Sales,Sales Executive,Travel_Rarely,9,Master,Low,77,High,2,Low,0,Yes,17,Low,6,3,Better,5,2,0,3,Yes,Excellent
E1001436,41,Male,Life Sciences,Married,Research & Development,Laboratory Technician,Travel_Rarely,12,Master,Medium,46,High,1,Very High,3,Yes,11,Low,6,4,Better,1,0,0,0,No,Excellent
E1001438,31,Male,Medical,Married,Research & Development,Laboratory Technician,Travel_Frequently,15,Bachelor,High,72,High,1,High,1,No,12,High,2,5,Good,2,2,2,2,Yes,Excellent
E1001439,37,Female,Medical,Divorced,Research & Development,Healthcare Representative,Travel_Rarely,25,College,High,52,Medium,2,Very High,7,No,13,High,9,2,Better,6,2,1,3,No,Excellent
E1001440,27,Male,Life Sciences,Married,Research & Development,Research Scientist,Travel_Rarely,6,Bachelor,Very High,55,Medium,1,High,1,No,13,High,4,0,Better,4,2,2,2,No,Excellent
E1001441,34,Female,Life Sciences,Married,Sales,Sales Executive,Travel_Rarely,9,Below College,Medium,70,High,2,High,1,No,20,Low,6,3,Good,6,5,1,3,No,Good
E1001442,35,Male,Technical Degree,Single,Human Resources,Human Resources,Travel_Rarely,8,Master,High,100,High,1,High,1,No,17,Medium,6,2,Bad,5,4,1,4,No,Good
E1001443,29,Female,Life Sciences,Married,Sales,Sales Executive,Travel_Rarely,23,Below College,Very High,45,Medium,3,Low,1,No,13,Low,11,3,Bad,11,8,3,10,Yes,Good
E1001444,40,Female,Medical,Single,Research & Development,Research Director,Travel_Frequently,9,Master,Medium,88,High,3,High,9,No,17,High,20,3,Good,18,7,2,13,No,Good
E1001445,42,Male,Life Sciences,Single,Sales,Sales Executive,Travel_Frequently,12,Bachelor,High,44,High,4,Low,0,Yes,12,Medium,22,2,Good,21,9,13,14,Yes,Excellent
E1001449,42,Male,Marketing,Single,Sales,Sales Executive,Travel_Rarely,4,Master,Medium,45,High,2,Low,7,No,13,Very High,9,3,Best,6,4,1,5,No,Outstanding
E1001451,24,Male,Medical,Single,Research & Development,Laboratory Technician,Travel_Rarely,24,Bachelor,Very High,49,High,1,Medium,8,No,22,Very High,6,2,Better,4,3,1,2,No,Outstanding
E1001453,28,Female,Life Sciences,Married,Research & Development,Manager R&D,Travel_Rarely,12,Below College,High,79,High,1,Very High,1,Yes,11,Very High,1,4,Good,1,1,0,0,Yes,Excellent
E1001455,26,Male,Medical,Married,Research & Development,Manager R&D,Travel_Rarely,3,Master,Low,82,Very High,1,Very High,1,No,22,Medium,8,2,Better,8,7,0,7,No,Excellent
E1001457,30,Male,Marketing,Married,Sales,Sales Executive,Travel_Rarely,10,Bachelor,High,72,Medium,2,High,1,No,18,Low,10,3,Better,10,3,1,4,No,Excellent
E1001458,40,Female,Medical,Married,Research & Development,Research Scientist,Travel_Frequently,26,College,High,92,Medium,2,Very High,3,Yes,13,Very High,16,3,Bad,1,1,0,0,No,Excellent
E1001460,35,Male,Life Sciences,Divorced,Research & Development,Manufacturing Director,Travel_Rarely,2,Bachelor,High,44,Medium,3,Medium,2,No,18,Medium,15,2,Best,7,7,6,4,No,Excellent
E1001462,34,Male,Medical,Single,Research & Development,Healthcare Representative,Travel_Frequently,1,Bachelor,Very High,97,Medium,2,Low,0,No,20,High,14,3,Better,13,9,4,9,No,Outstanding
E1001463,35,Male,Other,Married,Research & Development,Laboratory Technician,Travel_Frequently,4,Master,Very High,47,Medium,1,Very High,1,No,13,Medium,2,2,Best,2,2,2,2,No,Excellent
E1001466,43,Female,Marketing,Single,Sales,Sales Executive,Travel_Rarely,9,Bachelor,Low,85,Low,2,High,8,No,13,Medium,7,2,Good,4,3,1,3,Yes,Good
E1001468,32,Female,Life Sciences,Divorced,Sales,Sales Representative,Non-Travel,2,Below College,High,76,High,1,Low,1,No,12,High,1,3,Better,1,0,0,0,No,Excellent
E1001469,56,Female,Technical Degree,Divorced,Research & Development,Manager,Travel_Rarely,4,Master,Very High,92,High,5,Low,4,No,13,Very High,28,2,Better,5,2,4,2,No,Excellent
E1001470,29,Female,Medical,Married,Research & Development,Manager R&D,Travel_Rarely,6,Below College,Medium,54,High,1,Very High,1,No,13,Low,10,5,Better,10,8,0,8,No,Excellent
E1001471,19,Male,Life Sciences,Single,Research & Development,Research Scientist,Travel_Rarely,9,College,High,54,High,1,Low,1,No,25,High,1,4,Better,1,1,0,0,No,Outstanding
E1001473,45,Female,Medical,Married,Research & Development,Manager R&D,Travel_Rarely,7,Bachelor,Low,83,High,1,High,4,Yes,19,High,7,2,Good,3,2,0,2,No,Excellent
E1001474,37,Female,Life Sciences,Married,Research & Development,Manufacturing Director,Travel_Rarely,1,Bachelor,Very High,56,Medium,2,Very High,1,No,13,Medium,14,2,Good,14,8,3,11,No,Excellent
E1001478,44,Male,Life Sciences,Single,Research & Development,Manager R&D,Travel_Rarely,10,Master,High,96,High,1,High,1,Yes,11,High,6,4,Better,6,4,0,2,Yes,Excellent
E1001479,53,Female,Medical,Divorced,Research & Development,Manager R&D,Travel_Rarely,7,College,Very High,50,High,5,High,3,No,18,Medium,26,6,Better,7,7,4,7,No,Excellent
E1001481,22,Male,Life Sciences,Married,Research & Development,Manager R&D,Travel_Frequently,3,Master,High,48,Medium,1,Very High,0,Yes,11,Medium,1,5,Better,0,0,0,0,Yes,Excellent
E1001482,46,Female,Marketing,Married,Sales,Manager,Travel_Rarely,2,Bachelor,High,69,High,4,Low,8,No,23,Low,28,2,Better,26,15,15,9,No,Outstanding
E1001484,44,Male,Life Sciences,Single,Research & Development,Research Scientist,Non-Travel,17,Bachelor,Very High,74,Low,1,High,2,No,13,Very High,6,3,Better,0,0,0,0,No,Excellent
E1001485,33,Male,Human Resources,Married,Human Resources,Human Resources,Travel_Rarely,2,Bachelor,Medium,99,High,1,High,1,No,13,Very High,5,2,Better,5,4,1,4,No,Good
E1001489,30,Male,Life Sciences,Divorced,Sales,Sales Executive,Travel_Rarely,29,Master,High,61,High,2,Low,8,No,19,High,8,3,Better,4,3,0,3,No,Excellent
E1001490,40,Male,Medical,Married,Sales,Sales Executive,Travel_Frequently,2,Master,Medium,62,High,2,Medium,5,No,12,Very High,5,2,Better,0,0,0,0,No,Excellent
E1001493,50,Female,Medical,Married,Research & Development,Manager R&D,Travel_Frequently,2,Bachelor,Very High,30,High,4,Low,2,No,22,High,32,3,Better,2,2,2,2,No,Outstanding
E1001495,46,Male,Life Sciences,Married,Research & Development,Manager R&D,Travel_Rarely,15,College,Very High,52,High,5,Medium,5,No,11,Low,25,2,Better,4,2,0,3,No,Excellent
E1001496,35,Male,Life Sciences,Married,Sales,Sales Executive,Travel_Rarely,17,Master,High,94,High,2,Low,3,Yes,15,Very High,15,2,Better,7,7,1,7,No,Excellent
E1001497,24,Female,Life Sciences,Married,Research & Development,Laboratory Technician,Travel_Rarely,17,College,Very High,97,High,1,Medium,1,No,13,Low,1,3,Bad,1,0,0,0,Yes,Excellent
E1001498,33,Female,Medical,Married,Sales,Sales Executive,Travel_Frequently,25,Bachelor,Medium,82,High,2,High,1,No,12,Low,10,3,Good,10,7,0,1,No,Excellent
E1001499,36,Male,Life Sciences,Divorced,Research & Development,Laboratory Technician,Travel_Rarely,6,Master,High,60,Low,1,High,1,No,14,High,7,4,Better,7,7,1,7,No,Excellent
E1001503,44,Male,Other,Single,Research & Development,Research Scientist,Travel_Rarely,29,Master,Very High,32,High,2,Very High,1,No,25,Medium,20,3,Better,20,11,13,17,No,Outstanding
E1001509,42,Male,Medical,Married,Human Resources,Human Resources,Non-Travel,2,Doctor,Very High,79,Very High,2,Low,7,No,16,Low,10,3,Best,4,3,0,3,No,Outstanding
E1001512,32,Female,Other,Married,Research & Development,Laboratory Technician,Travel_Frequently,13,Bachelor,High,77,Medium,1,Medium,1,No,20,High,2,2,Better,2,2,2,2,No,Outstanding
E1001513,32,Female,Life Sciences,Single,Research & Development,Manager R&D,Travel_Frequently,2,College,Very High,38,High,2,High,4,Yes,14,Very High,10,2,Better,8,7,0,7,No,Excellent
E1001515,36,Female,Technical Degree,Divorced,Research & Development,Manufacturing Director,Travel_Rarely,1,Bachelor,High,77,Low,3,Low,2,Yes,21,High,17,2,Better,7,7,7,7,No,Outstanding
E1001516,33,Male,Medical,Married,Research & Development,Research Scientist,Travel_Rarely,9,Bachelor,Low,60,High,1,Very High,0,No,13,Medium,15,5,Better,14,10,4,10,No,Good
E1001518,25,Male,Life Sciences,Single,Sales,Sales Executive,Travel_Rarely,10,Master,High,57,High,2,Very High,0,No,14,Medium,5,4,Better,4,3,1,1,No,Excellent
E1001520,42,Female,Medical,Married,Research & Development,Research Director,Travel_Frequently,26,Doctor,Low,60,High,3,Low,3,Yes,17,High,20,6,Better,1,0,0,0,No,Excellent
E1001522,27,Male,Life Sciences,Married,Research & Development,Manager R&D,Travel_Rarely,14,Bachelor,Low,42,High,1,Low,1,Yes,14,Very High,9,3,Good,9,7,6,8,No,Good
E1001523,54,Female,Life Sciences,Divorced,Research & Development,Manufacturing Director,Travel_Frequently,1,Master,Very High,53,High,3,High,7,No,17,Low,33,2,Bad,5,4,1,4,No,Excellent
E1001524,44,Female,Life Sciences,Married,Research & Development,Manager R&D,Travel_Rarely,2,Below College,Low,72,Very High,1,Very High,1,No,13,Very High,10,5,Better,10,5,7,7,No,Good
E1001526,19,Female,Medical,Single,Research & Development,Research Scientist,Non-Travel,10,Bachelor,Low,96,Medium,1,Medium,1,Yes,25,Medium,1,2,Best,1,1,0,0,Yes,Outstanding
E1001528,54,Male,Life Sciences,Married,Research & Development,Research Director,Travel_Rarely,3,Bachelor,Very High,85,High,4,Very High,3,No,14,Low,36,2,Better,10,9,0,9,No,Excellent
E1001529,31,Male,Medical,Married,Research & Development,Manager R&D,Travel_Rarely,11,College,High,80,High,2,Low,1,Yes,12,Very High,6,2,Good,6,5,0,1,No,Excellent
E1001533,43,Male,Life Sciences,Married,Research & Development,Research Director,Travel_Rarely,3,Bachelor,High,96,Low,5,Very High,3,No,14,Medium,25,2,Better,8,7,0,7,No,Excellent
E1001534,49,Male,Medical,Married,Research & Development,Manager R&D,Travel_Rarely,4,College,Low,85,Medium,5,High,2,No,13,High,23,2,Best,1,0,0,0,No,Excellent
E1001535,36,Male,Technical Degree,Married,Research & Development,Research Scientist,Travel_Frequently,3,Bachelor,High,46,High,1,Medium,1,No,12,High,12,2,Good,11,10,0,7,No,Excellent
E1001536,48,Male,Technical Degree,Single,Research & Development,Laboratory Technician,Travel_Rarely,2,College,Very High,76,Very High,1,Medium,5,No,11,High,7,4,Good,1,0,0,0,No,Excellent
E1001538,29,Male,Life Sciences,Divorced,Research & Development,Manager R&D,Travel_Rarely,7,Bachelor,High,82,High,2,Very High,1,Yes,11,Medium,6,2,Better,6,0,1,0,No,Excellent
E1001541,48,Male,Life Sciences,Single,Research & Development,Research Director,Travel_Rarely,1,Bachelor,Very High,76,Medium,5,Very High,6,No,12,High,25,3,Best,1,0,0,0,No,Outstanding
E1001542,29,Female,Life Sciences,Divorced,Research & Development,Research Director,Travel_Rarely,1,Bachelor,Very High,87,Medium,4,Very High,3,No,14,Medium,9,2,Good,7,7,1,7,No,Excellent
E1001545,44,Male,Marketing,Married,Sales,Manager,Travel_Rarely,5,Bachelor,Medium,88,High,5,Medium,7,No,11,High,26,5,Better,22,9,3,10,No,Good
E1001548,23,Male,Life Sciences,Married,Research & Development,Research Scientist,Travel_Rarely,1,College,Very High,47,High,1,High,1,No,22,Very High,1,2,Better,1,0,0,1,No,Outstanding
E1001553,26,Male,Life Sciences,Single,Research & Development,Research Scientist,Travel_Rarely,4,College,High,53,High,1,Very High,1,Yes,20,Medium,8,2,Good,8,5,2,2,No,Outstanding
E1001555,45,Female,Marketing,Single,Sales,Manager,Travel_Rarely,2,Bachelor,Low,94,Low,5,Medium,2,Yes,16,Low,26,2,Better,24,10,1,11,Yes,Good
E1001556,55,Male,Medical,Divorced,Research & Development,Healthcare Representative,Non-Travel,8,Below College,Very High,37,Medium,4,Medium,1,Yes,15,Very High,34,3,Better,33,9,15,0,No,Excellent
E1001557,21,Female,Life Sciences,Single,Research & Development,Laboratory Technician,Travel_Frequently,10,College,Low,45,Medium,1,High,1,No,20,High,2,2,Bad,2,2,2,2,Yes,Good
E1001558,46,Female,Marketing,Married,Sales,Manager,Travel_Rarely,4,College,Very High,33,Medium,5,Medium,2,No,14,High,26,2,Better,11,4,0,8,No,Excellent
E1001559,34,Female,Marketing,Single,Sales,Sales Executive,Travel_Rarely,2,Bachelor,High,86,High,2,Low,0,Yes,12,Very High,4,3,Better,3,2,0,2,No,Excellent
E1001560,51,Male,Life Sciences,Divorced,Sales,Manager,Travel_Frequently,9,Bachelor,Very High,83,High,5,Medium,4,Yes,24,Low,31,5,Good,29,10,11,10,No,Outstanding
E1001561,59,Male,Medical,Single,Research & Development,Manager R&D,Travel_Rarely,18,Master,Very High,67,High,3,Very High,6,No,12,Very High,25,6,Good,9,7,5,4,No,Excellent
E1001563,34,Female,Medical,Divorced,Research & Development,Laboratory Technician,Travel_Frequently,19,Bachelor,High,46,High,2,Medium,4,No,13,High,15,2,Best,11,8,5,10,No,Excellent
E1001564,28,Male,Medical,Single,Research & Development,Laboratory Technician,Travel_Frequently,1,Master,Very High,44,High,1,High,0,Yes,11,High,5,2,Good,4,2,0,2,No,Excellent
E1001566,44,Male,Life Sciences,Divorced,Research & Development,Manager R&D,Travel_Rarely,4,College,High,92,Very High,5,Low,1,No,14,Very High,26,4,Good,25,9,14,13,No,Excellent
E1001567,34,Male,Life Sciences,Married,Human Resources,Human Resources,Travel_Frequently,11,Bachelor,High,56,Medium,2,Medium,4,No,11,Very High,14,5,Best,10,9,1,8,No,Excellent
E1001569,35,Male,Life Sciences,Married,Research & Development,Research Scientist,Travel_Rarely,6,Below College,High,66,High,1,High,0,Yes,14,Very High,4,3,Better,3,2,2,2,No,Excellent
E1001570,42,Female,Medical,Married,Research & Development,Research Scientist,Travel_Rarely,7,Master,Medium,78,Very High,2,Medium,6,Yes,16,Very High,18,2,Better,1,0,0,0,No,Excellent
E1001571,43,Female,Marketing,Single,Sales,Sales Executive,Travel_Rarely,4,Master,Very High,56,Medium,3,Very High,3,No,14,Very High,23,3,Best,21,7,15,17,No,Excellent
E1001572,36,Female,Life Sciences,Single,Research & Development,Manufacturing Director,Travel_Rarely,2,Master,High,53,High,2,Medium,9,Yes,11,Very High,18,2,Better,16,14,5,12,No,Excellent
E1001574,28,Male,Life Sciences,Married,Research & Development,Laboratory Technician,Travel_Frequently,2,Bachelor,Very High,52,Medium,1,Very High,1,Yes,12,Medium,2,2,Better,2,2,2,2,No,Excellent
E1001575,51,Female,Medical,Single,Research & Development,Laboratory Technician,Travel_Frequently,6,College,Medium,40,Medium,1,High,0,No,14,Medium,8,6,Good,7,0,7,7,No,Excellent
E1001576,30,Female,Medical,Single,Research & Development,Manufacturing Director,Non-Travel,9,College,High,72,High,2,High,7,Yes,18,High,10,3,Better,8,4,1,7,No,Excellent
E1001577,29,Female,Technical Degree,Divorced,Research & Development,Laboratory Technician,Travel_Rarely,7,Bachelor,Medium,39,High,1,High,3,Yes,13,Low,10,2,Better,7,7,7,7,Yes,Good
E1001579,28,Male,Technical Degree,Single,Research & Development,Research Scientist,Travel_Rarely,1,Bachelor,Very High,84,High,1,Low,2,No,11,Medium,5,2,Good,3,2,1,2,No,Excellent
E1001581,25,Female,Medical,Single,Research & Development,Research Scientist,Travel_Rarely,1,Bachelor,Very High,40,High,1,Medium,1,No,18,Very High,2,3,Good,2,2,2,1,No,Excellent
E1001582,32,Male,Medical,Married,Sales,Sales Executive,Travel_Rarely,8,Bachelor,High,56,Very High,2,Very High,1,No,15,High,10,4,Best,10,7,0,8,No,Excellent
E1001584,45,Female,Medical,Single,Research & Development,Manager,Travel_Frequently,25,Bachelor,Medium,83,High,5,Medium,3,No,22,High,22,4,Better,0,0,0,0,No,Outstanding
E1001585,39,Female,Medical,Divorced,Research & Development,Manager,Travel_Rarely,13,Master,High,94,Medium,4,Medium,6,Yes,13,Very High,21,4,Better,19,9,15,2,No,Excellent
E1001586,58,Male,Life Sciences,Divorced,Research & Development,Research Scientist,Travel_Rarely,23,Master,Low,88,High,1,High,1,No,12,Very High,2,3,Better,2,2,2,2,No,Good
E1001587,32,Male,Life Sciences,Married,Research & Development,Manager R&D,Travel_Rarely,7,College,Very High,79,High,2,High,1,No,18,Low,10,3,Better,10,4,1,1,Yes,Excellent
E1001590,36,Female,Technical Degree,Married,Research & Development,Healthcare Representative,Travel_Rarely,10,Master,Very High,63,High,3,High,3,No,12,Low,10,0,Better,7,7,1,7,No,Excellent
E1001592,46,Female,Life Sciences,Single,Human Resources,Human Resources,Travel_Rarely,1,College,Very High,44,High,1,Low,6,No,12,High,10,3,Best,7,6,5,7,No,Excellent
E1001593,28,Female,Life Sciences,Married,Research & Development,Manager R&D,Non-Travel,1,Bachelor,High,55,Low,2,Very High,0,No,11,Low,10,6,Better,9,8,7,5,No,Excellent
E1001595,50,Female,Life Sciences,Married,Research & Development,Manager R&D,Travel_Rarely,28,Bachelor,Very High,43,High,4,Low,4,Yes,11,Medium,25,2,Better,3,2,1,2,No,Excellent
E1001596,40,Male,Marketing,Single,Sales,Sales Executive,Travel_Rarely,25,Master,Very High,57,Medium,3,Medium,2,Yes,12,High,9,2,Better,5,4,1,0,Yes,Excellent
E1001597,52,Male,Life Sciences,Single,Sales,Sales Executive,Travel_Rarely,5,Bachelor,Medium,64,High,3,Medium,9,Yes,19,High,10,2,Good,8,7,7,7,Yes,Good
E1001602,31,Female,Life Sciences,Divorced,Sales,Sales Executive,Non-Travel,2,Master,Very High,57,High,3,High,1,Yes,19,Low,10,5,Good,10,8,9,6,No,Excellent
E1001607,41,Male,Medical,Single,Sales,Sales Executive,Non-Travel,10,College,High,40,Low,2,Medium,1,No,13,Low,19,4,Better,19,2,11,9,No,Excellent
E1001614,55,Female,Medical,Married,Research & Development,Manager,Travel_Rarely,2,College,Very High,58,Low,5,High,4,No,14,Very High,23,5,Better,19,9,9,11,No,Excellent
E1001616,56,Male,Life Sciences,Single,Human Resources,Manager,Travel_Rarely,8,Master,Very High,99,High,5,Medium,6,No,14,Low,36,4,Better,7,3,7,7,No,Excellent
E1001618,40,Male,Life Sciences,Divorced,Research & Development,Research Scientist,Non-Travel,16,College,High,74,High,1,High,9,No,16,Medium,6,0,Better,4,2,0,0,No,Excellent
E1001622,34,Male,Life Sciences,Divorced,Research & Development,Healthcare Representative,Travel_Rarely,9,Bachelor,Very High,86,High,3,Very High,0,No,11,Very High,10,0,Good,9,7,1,6,No,Excellent
E1001627,41,Female,Marketing,Divorced,Sales,Sales Executive,Travel_Frequently,1,Bachelor,High,66,High,2,Low,0,No,17,Very High,10,2,Better,9,3,1,7,No,Excellent
E1001628,35,Male,Life Sciences,Single,Research & Development,Research Scientist,Travel_Frequently,4,Master,High,87,High,2,High,1,Yes,11,Medium,9,3,Better,9,6,1,1,No,Excellent
E1001630,51,Male,Life Sciences,Divorced,Human Resources,Manager,Travel_Rarely,5,Bachelor,High,84,High,4,Medium,1,Yes,11,Medium,33,2,Better,33,9,0,10,No,Excellent
E1001633,38,Female,Life Sciences,Divorced,Sales,Sales Executive,Travel_Rarely,2,College,Medium,31,High,2,Low,3,No,15,Very High,11,3,Better,7,7,1,7,No,Good
E1001634,34,Female,Medical,Single,Sales,Sales Executive,Travel_Rarely,15,College,High,66,High,2,Low,1,No,12,Very High,10,6,Best,10,8,9,6,No,Excellent
E1001636,25,Male,Medical,Married,Research & Development,Laboratory Technician,Travel_Rarely,19,Below College,Very High,67,High,1,Very High,3,No,11,High,7,6,Good,3,2,1,2,No,Excellent
E1001638,58,Female,Medical,Married,Research & Development,Manufacturing Director,Travel_Rarely,7,Master,High,53,Medium,3,Low,7,Yes,14,Very High,31,0,Good,10,9,5,9,Yes,Excellent
E1001639,40,Male,Life Sciences,Married,Research & Development,Laboratory Technician,Travel_Rarely,1,Master,Medium,88,High,1,Medium,3,No,22,High,7,3,Better,4,2,0,3,No,Excellent
E1001640,36,Female,Marketing,Married,Sales,Sales Executive,Travel_Frequently,7,Bachelor,Low,83,Very High,2,Low,2,No,16,Very High,17,2,Good,15,7,6,13,No,Good
E1001641,48,Male,Life Sciences,Single,Research & Development,Manufacturing Director,Travel_Rarely,4,Bachelor,Very High,54,High,3,Very High,1,No,11,High,11,2,Better,10,9,0,8,No,Excellent
E1001642,27,Female,Medical,Married,Sales,Sales Representative,Travel_Rarely,11,Bachelor,High,98,Very High,1,Very High,8,No,14,Medium,5,4,Better,1,0,0,0,No,Excellent
E1001645,51,Female,Technical Degree,Single,Research & Development,Manager R&D,Travel_Rarely,11,College,Very High,82,Medium,4,Medium,3,No,16,Medium,29,1,Good,5,2,0,3,No,Excellent
E1001646,18,Female,Life Sciences,Single,Research & Development,Manager R&D,Non-Travel,1,Bachelor,Very High,97,High,1,Very High,1,No,15,High,0,5,Best,0,0,0,0,No,Outstanding
E1001647,35,Female,Medical,Married,Research & Development,Laboratory Technician,Travel_Rarely,1,Bachelor,Very High,60,Medium,2,Very High,0,No,12,Medium,10,0,Better,9,7,0,0,No,Excellent
E1001649,27,Male,Life Sciences,Single,Sales,Sales Executive,Travel_Frequently,2,Below College,Very High,43,Low,2,Very High,3,No,20,Medium,8,3,Better,6,2,0,0,No,Outstanding
E1001650,55,Male,Marketing,Single,Sales,Sales Executive,Travel_Rarely,13,Master,Low,85,Very High,4,High,6,Yes,17,High,24,2,Good,19,7,3,8,Yes,Good
E1001651,56,Male,Life Sciences,Married,Research & Development,Manager R&D,Travel_Rarely,23,Bachelor,Very High,68,High,4,Medium,4,Yes,12,Low,33,0,Better,19,16,15,9,No,Excellent
E1001652,34,Female,Technical Degree,Divorced,Research & Development,Research Scientist,Non-Travel,26,Below College,Low,92,Medium,1,High,1,No,20,High,5,2,Better,5,4,0,0,No,Excellent
E1001653,40,Female,Medical,Divorced,Research & Development,Manager R&D,Travel_Rarely,2,Below College,Medium,89,Very High,2,High,5,No,20,Medium,15,0,Better,12,11,11,8,No,Good
E1001655,34,Male,Medical,Married,Research & Development,Laboratory Technician,Travel_Rarely,29,Bachelor,Medium,86,High,2,High,4,No,13,Low,10,1,Better,8,7,7,7,No,Good
E1001657,31,Female,Life Sciences,Single,Sales,Sales Representative,Travel_Frequently,2,Bachelor,High,90,Medium,1,Very High,7,No,14,High,3,3,Best,1,0,0,0,Yes,Excellent
E1001660,38,Male,Life Sciences,Divorced,Research & Development,Research Scientist,Travel_Frequently,7,Bachelor,Very High,57,Very High,1,High,1,No,11,Very High,4,2,Better,4,2,0,3,No,Excellent
E1001661,34,Female,Technical Degree,Single,Research & Development,Healthcare Representative,Travel_Rarely,2,Master,High,98,High,2,Very High,1,No,11,Very High,14,2,Best,14,11,4,11,No,Excellent
E1001665,28,Male,Life Sciences,Married,Sales,Sales Executive,Travel_Rarely,26,Bachelor,High,48,Medium,2,Low,1,No,11,High,5,0,Better,5,3,0,4,No,Excellent
E1001668,39,Male,Life Sciences,Married,Sales,Sales Executive,Travel_Rarely,21,Master,Low,44,Medium,2,Very High,3,Yes,12,Very High,8,2,Best,5,4,1,4,No,Good
E1001669,51,Male,Marketing,Married,Sales,Sales Executive,Travel_Frequently,2,Bachelor,Medium,52,High,3,Medium,2,No,11,Medium,14,5,Better,4,2,3,2,No,Good
E1001670,41,Female,Life Sciences,Divorced,Research & Development,Manager R&D,Travel_Frequently,22,Bachelor,Very High,75,High,2,Very High,3,Yes,14,Low,12,4,Good,6,2,3,3,No,Excellent
E1001673,33,Male,Life Sciences,Married,Sales,Sales Executive,Travel_Frequently,5,Below College,Medium,61,High,2,Very High,6,No,13,Low,8,2,Best,5,4,1,2,No,Good
E1001674,32,Male,Marketing,Married,Sales,Sales Executive,Travel_Rarely,2,Below College,High,36,High,2,Medium,0,Yes,13,Low,4,3,Good,3,2,1,2,No,Excellent
E1001675,39,Male,Life Sciences,Married,Research & Development,Manager R&D,Non-Travel,25,College,High,71,High,3,High,3,No,21,Medium,13,2,Better,6,4,0,5,No,Outstanding
E1001677,25,Male,Life Sciences,Married,Sales,Sales Executive,Travel_Rarely,18,Below College,Low,93,Very High,2,High,2,No,11,Medium,6,3,Good,3,2,1,2,No,Good
E1001679,52,Female,Medical,Married,Research & Development,Manufacturing Director,Travel_Frequently,28,College,Very High,59,Very High,4,High,2,Yes,11,Medium,24,3,Good,5,3,0,2,No,Excellent
E1001680,43,Female,Medical,Single,Research & Development,Research Scientist,Travel_Rarely,6,Bachelor,Low,73,Medium,2,High,1,Yes,14,Low,20,3,Bad,20,7,1,8,No,Good
E1001681,27,Female,Marketing,Married,Sales,Sales Executive,Travel_Rarely,10,Bachelor,Very High,98,Medium,2,Very High,1,Yes,11,Very High,6,3,Better,6,2,4,4,No,Excellent
E1001683,27,Female,Life Sciences,Single,Research & Development,Research Scientist,Travel_Rarely,17,Master,Very High,51,High,1,High,1,Yes,13,Very High,8,2,Better,8,2,7,7,Yes,Excellent
E1001685,26,Male,Medical,Single,Research & Development,Research Scientist,Travel_Rarely,2,Below College,Low,36,Medium,1,Very High,0,No,12,Very High,5,2,Better,4,3,1,1,No,Excellent
E1001686,42,Female,Human Resources,Married,Human Resources,Manager,Travel_Rarely,10,Bachelor,High,31,High,4,Low,0,No,14,High,21,5,Better,20,7,0,9,No,Excellent
E1001689,37,Female,Medical,Single,Research & Development,Manager R&D,Travel_Rarely,11,Bachelor,Low,94,High,1,High,4,No,18,Low,8,6,Better,3,2,0,2,No,Excellent
E1001690,35,Male,Life Sciences,Single,Research & Development,Manufacturing Director,Travel_Frequently,18,College,High,60,High,3,Very High,2,No,11,High,10,2,Better,2,2,2,2,No,Excellent
E1001693,25,Male,Technical Degree,Married,Research & Development,Laboratory Technician,Travel_Rarely,1,Bachelor,Low,81,High,1,Very High,4,No,11,Medium,7,2,Good,3,2,0,2,No,Excellent
E1001697,29,Male,Other,Single,Human Resources,Human Resources,Travel_Rarely,17,Bachelor,Medium,51,Medium,3,Low,1,No,13,Low,10,3,Good,10,9,0,9,No,Excellent
E1001698,49,Male,Life Sciences,Single,Research & Development,Manager R&D,Travel_Frequently,28,College,Low,97,Medium,2,Low,3,No,20,Low,20,2,Better,4,3,1,3,Yes,Excellent
E1001700,54,Female,Medical,Single,Research & Development,Research Director,Travel_Rarely,1,Bachelor,Very High,54,High,4,Very High,6,No,19,Very High,29,3,Good,20,7,12,7,No,Excellent
E1001701,58,Female,Medical,Married,Research & Development,Manager R&D,Travel_Rarely,1,Bachelor,Very High,76,High,5,Low,3,Yes,21,High,32,3,Better,9,8,1,5,No,Outstanding
E1001703,36,Female,Marketing,Single,Sales,Sales Executive,Travel_Rarely,3,Master,Low,99,High,2,Medium,3,Yes,16,Very High,15,3,Better,5,4,0,1,No,Excellent
E1001705,31,Female,Life Sciences,Single,Sales,Sales Representative,Travel_Frequently,1,Master,Medium,50,Low,1,High,1,No,12,Medium,1,3,Better,1,0,0,0,Yes,Excellent
E1001706,30,Female,Marketing,Divorced,Sales,Sales Executive,Travel_Rarely,7,Master,Very High,73,High,2,Low,7,No,14,Medium,8,3,Better,3,2,0,2,No,Excellent
E1001708,31,Female,Life Sciences,Single,Research & Development,Research Director,Travel_Rarely,8,Doctor,Low,93,High,4,Medium,3,No,11,High,9,3,Best,3,2,1,0,No,Excellent
E1001709,34,Male,Other,Divorced,Research & Development,Research Scientist,Travel_Frequently,1,Master,Very High,91,High,1,Low,5,No,14,High,10,2,Better,4,3,1,3,No,Excellent
E1001711,31,Female,Life Sciences,Single,Research & Development,Research Scientist,Travel_Rarely,8,Bachelor,Low,34,Medium,1,Medium,1,No,12,High,1,3,Best,1,0,0,0,Yes,Excellent
E1001712,27,Male,Life Sciences,Married,Research & Development,Manager R&D,Travel_Rarely,11,Below College,Medium,91,High,1,Low,0,No,14,Medium,6,3,Best,5,0,1,4,No,Excellent
E1001713,36,Male,Life Sciences,Single,Research & Development,Laboratory Technician,Travel_Rarely,4,Master,Low,37,Medium,2,Very High,1,No,16,High,10,2,Good,10,4,1,8,No,Good
E1001716,47,Male,Technical Degree,Married,Research & Development,Research Scientist,Travel_Rarely,1,Bachelor,Low,74,High,1,Very High,7,No,12,High,17,2,Good,6,5,1,2,No,Good
E1001717,25,Male,Life Sciences,Married,Sales,Sales Representative,Travel_Rarely,9,College,Low,68,Medium,1,Low,3,No,12,Low,6,2,Better,3,2,2,2,Yes,Good
E1001718,37,Male,Technical Degree,Single,Research & Development,Manager R&D,Non-Travel,5,College,High,84,Very High,1,High,0,No,14,Low,7,2,Bad,6,5,1,3,No,Excellent
E1001719,56,Female,Life Sciences,Married,Research & Development,Manager R&D,Travel_Rarely,1,College,Low,90,High,1,Low,2,No,22,Very High,5,3,Best,3,2,1,0,No,Outstanding
E1001723,24,Female,Medical,Married,Sales,Sales Executive,Travel_Rarely,4,Below College,Very High,42,High,2,High,1,Yes,12,High,5,3,Better,5,4,0,3,No,Excellent
E1001725,34,Female,Life Sciences,Married,Research & Development,Laboratory Technician,Travel_Rarely,1,Bachelor,Very High,86,Medium,1,Medium,5,No,17,Low,7,2,Good,5,4,0,2,No,Excellent
E1001726,41,Male,Medical,Married,Research & Development,Manager R&D,Travel_Rarely,5,Doctor,Medium,90,Very High,1,High,2,Yes,12,Low,7,5,Good,4,2,0,3,No,Excellent
E1001727,40,Male,Other,Divorced,Research & Development,Laboratory Technician,Non-Travel,9,Master,High,81,High,2,High,3,No,11,High,11,2,Best,8,7,0,7,No,Excellent
E1001731,31,Male,Life Sciences,Divorced,Sales,Sales Executive,Travel_Rarely,8,College,Low,31,High,3,Very High,1,No,18,Low,13,5,Better,13,7,9,9,No,Good
E1001736,39,Female,Life Sciences,Single,Research & Development,Laboratory Technician,Non-Travel,2,Bachelor,Low,54,Medium,1,Low,2,Yes,23,Medium,11,2,Best,1,0,0,0,Yes,Outstanding
E1001737,31,Female,Life Sciences,Single,Research & Development,Manager R&D,Travel_Frequently,1,Doctor,High,100,Very High,3,Medium,1,No,11,Low,10,2,Better,10,8,4,7,Yes,Excellent
E1001738,45,Male,Medical,Divorced,Research & Development,Manager R&D,Travel_Rarely,20,Bachelor,Medium,95,Low,3,Low,2,Yes,18,Medium,24,2,Better,7,7,0,7,No,Excellent
E1001739,31,Female,Medical,Single,Human Resources,Human Resources,Travel_Rarely,8,College,Very High,96,Very High,1,Medium,9,No,18,Very High,8,3,Better,3,2,0,2,No,Excellent
E1001743,45,Male,Technical Degree,Married,Research & Development,Manager R&D,Travel_Rarely,29,Bachelor,Medium,55,High,3,Very High,4,Yes,18,Very High,10,4,Best,3,1,1,2,No,Excellent
E1001745,34,Female,Technical Degree,Married,Human Resources,Human Resources,Travel_Rarely,9,Master,Low,52,High,1,High,1,No,15,Very High,2,0,Better,2,2,2,2,Yes,Good
E1001746,40,Male,Medical,Divorced,Research & Development,Research Director,Non-Travel,8,Below College,Very High,55,Medium,3,Medium,2,No,11,High,16,5,Better,9,8,4,8,No,Excellent
E1001749,44,Male,Life Sciences,Single,Research & Development,Laboratory Technician,Non-Travel,5,Bachelor,High,90,Medium,1,High,3,No,14,Very High,7,5,Better,5,2,0,3,No,Excellent
E1001751,49,Male,Technical Degree,Married,Research & Development,Manager R&D,Travel_Rarely,5,Master,Low,96,High,2,High,2,No,14,Medium,20,0,Good,3,2,1,2,No,Good
E1001752,40,Male,Medical,Divorced,Research & Development,Research Scientist,Travel_Rarely,2,Bachelor,High,68,High,1,High,2,No,14,High,8,3,Best,3,1,1,2,No,Outstanding
E1001753,44,Male,Life Sciences,Single,Research & Development,Manager R&D,Travel_Rarely,20,Bachelor,Very High,49,High,1,Medium,1,No,13,High,6,3,Good,5,2,1,3,No,Excellent
E1001755,33,Male,Medical,Married,Sales,Sales Executive,Travel_Frequently,7,Bachelor,Very High,54,High,2,Low,0,No,14,Low,5,2,Better,4,3,0,3,No,Excellent
E1001756,34,Male,Other,Single,Sales,Sales Executive,Travel_Rarely,3,Bachelor,Very High,81,Low,2,Low,3,No,18,Very High,15,2,Better,13,9,3,12,No,Excellent
E1001757,30,Male,Life Sciences,Married,Sales,Sales Executive,Travel_Rarely,16,Below College,Very High,96,High,2,High,8,No,15,High,4,2,Good,2,1,2,2,No,Excellent
E1001758,42,Female,Medical,Single,Research & Development,Laboratory Technician,Travel_Frequently,9,College,Low,74,High,1,Very High,1,No,13,High,12,3,Better,12,9,5,8,No,Good
E1001759,44,Female,Marketing,Married,Sales,Sales Executive,Travel_Frequently,1,Doctor,Low,79,High,2,High,7,No,12,High,11,4,Good,1,0,0,0,No,Excellent
E1001760,30,Male,Technical Degree,Divorced,Research & Development,Research Scientist,Non-Travel,7,Bachelor,High,64,High,1,High,1,No,13,Medium,1,2,Good,1,0,0,0,No,Excellent
E1001761,57,Male,Life Sciences,Married,Research & Development,Research Scientist,Travel_Rarely,1,College,Medium,93,Very High,2,High,0,No,24,Low,13,2,Good,12,9,2,8,No,Good
E1001762,49,Male,Life Sciences,Divorced,Research & Development,Manager R&D,Travel_Rarely,7,Master,High,35,High,3,Medium,3,No,14,Medium,29,3,Better,8,7,0,7,No,Excellent
E1001763,34,Male,Medical,Divorced,Research & Development,Research Director,Travel_Frequently,15,Bachelor,Medium,71,High,4,Low,7,No,14,Very High,16,3,Good,14,8,6,9,No,Good
E1001764,28,Male,Technical Degree,Married,Sales,Sales Representative,Travel_Frequently,1,Bachelor,Low,92,High,1,High,3,No,15,Very High,5,3,Best,3,2,1,2,Yes,Good
E1001767,34,Female,Medical,Single,Sales,Sales Executive,Travel_Rarely,24,Master,Low,40,Medium,2,Medium,0,Yes,23,High,16,2,Best,15,9,10,10,Yes,Good
E1001770,35,Male,Life Sciences,Married,Sales,Sales Representative,Travel_Rarely,7,Below College,Very High,76,High,1,High,1,No,13,Low,1,3,Better,1,0,0,0,No,Excellent
E1001773,24,Female,Life Sciences,Married,Sales,Sales Representative,Non-Travel,13,College,Very High,78,High,1,Medium,1,No,13,High,1,2,Better,1,0,0,0,No,Excellent
E1001774,44,Male,Medical,Single,Research & Development,Manager R&D,Travel_Frequently,2,Below College,Medium,86,High,3,High,5,Yes,18,Medium,16,2,Good,2,2,2,2,No,Good
E1001775,29,Male,Life Sciences,Divorced,Sales,Sales Executive,Travel_Rarely,19,Bachelor,High,77,Medium,2,High,1,No,14,High,10,3,Better,10,7,0,4,No,Excellent
E1001779,55,Male,Life Sciences,Married,Research & Development,Manager R&D,Travel_Rarely,4,Master,Very High,30,High,2,High,0,Yes,16,Medium,4,2,Better,3,2,1,2,No,Excellent
E1001780,33,Female,Medical,Married,Research & Development,Manager R&D,Travel_Rarely,4,Master,Low,82,Medium,1,Medium,8,No,11,Very High,8,5,Better,5,4,0,2,No,Excellent
E1001781,47,Female,Medical,Married,Sales,Sales Executive,Travel_Rarely,14,Bachelor,High,78,High,2,High,3,Yes,17,High,11,4,Good,5,4,1,2,No,Excellent
E1001782,28,Male,Medical,Single,Research & Development,Laboratory Technician,Travel_Frequently,2,College,High,38,Medium,1,Low,7,No,11,High,8,2,Good,0,0,0,0,Yes,Excellent
E1001784,28,Male,Life Sciences,Divorced,Research & Development,Manager R&D,Travel_Rarely,1,Bachelor,Low,72,Medium,1,High,1,No,14,Very High,1,2,Bad,1,0,0,0,No,Excellent
E1001785,28,Male,Life Sciences,Single,Sales,Sales Executive,Travel_Frequently,7,Bachelor,High,55,High,2,Low,0,No,14,Very High,5,5,Better,4,2,1,3,No,Excellent
E1001787,49,Female,Medical,Married,Research & Development,Laboratory Technician,Travel_Rarely,3,College,High,43,Medium,2,Low,4,No,25,Low,10,3,Better,3,2,1,2,No,Outstanding
E1001791,29,Female,Life Sciences,Married,Research & Development,Laboratory Technician,Travel_Frequently,2,Below College,Very High,97,High,1,Medium,0,No,13,High,4,3,Better,3,2,0,2,No,Excellent
E1001792,28,Male,Life Sciences,Married,Research & Development,Manager R&D,Travel_Rarely,29,Below College,High,96,Low,2,Medium,1,No,14,Medium,8,2,Good,8,6,1,7,No,Excellent
E1001793,33,Male,Life Sciences,Single,Research & Development,Healthcare Representative,Travel_Rarely,8,Doctor,Very High,69,High,2,High,2,Yes,17,Low,14,6,Better,0,0,0,0,No,Excellent
E1001794,32,Male,Medical,Single,Research & Development,Manager,Travel_Rarely,10,Bachelor,High,64,High,3,Very High,2,No,25,Medium,10,5,Best,5,2,0,0,No,Excellent
E1001798,54,Female,Medical,Divorced,Research & Development,Manager R&D,Travel_Frequently,11,Master,Medium,87,High,4,Very High,3,No,20,Low,26,2,Better,14,9,1,12,No,Good
E1001800,29,Male,Technical Degree,Single,Research & Development,Research Scientist,Travel_Rarely,1,Master,Low,100,Medium,1,Low,6,No,13,High,11,2,Bad,9,7,0,7,Yes,Excellent
E1001805,46,Female,Life Sciences,Married,Sales,Manager,Travel_Rarely,3,Bachelor,High,51,High,4,Medium,8,No,12,Very High,23,2,Best,13,12,5,1,No,Excellent
E1001807,35,Female,Life Sciences,Single,Research & Development,Manager R&D,Travel_Rarely,16,Bachelor,Very High,91,Medium,3,Medium,1,No,19,Very High,11,3,Bad,11,8,3,3,No,Excellent
E1001811,23,Male,Life Sciences,Single,Research & Development,Laboratory Technician,Travel_Rarely,20,Below College,Low,97,High,2,High,0,No,14,Medium,5,2,Better,4,3,1,2,No,Good
E1001812,40,Male,Life Sciences,Single,Research & Development,Laboratory Technician,Travel_Rarely,9,Master,Very High,86,High,1,Low,3,No,14,Medium,15,3,Bad,5,4,1,0,Yes,Excellent
E1001813,34,Male,Technical Degree,Married,Sales,Sales Executive,Travel_Rarely,1,Bachelor,Very High,64,Medium,3,High,1,Yes,14,Very High,10,3,Better,10,9,8,6,No,Excellent
E1001817,50,Male,Medical,Single,Research & Development,Research Director,Travel_Frequently,22,Doctor,High,88,Low,4,Very High,1,Yes,13,Very High,32,2,Better,32,6,13,9,No,Excellent
E1001820,42,Male,Medical,Married,Research & Development,Manager R&D,Travel_Rarely,2,Bachelor,High,68,Medium,1,Medium,4,No,14,Medium,4,3,Better,1,0,0,0,No,Excellent
E1001821,37,Male,Medical,Married,Research & Development,Research Scientist,Travel_Rarely,13,Bachelor,Low,47,High,2,Very High,1,No,17,Low,10,2,Better,10,8,3,7,No,Good
E1001822,29,Female,Other,Married,Research & Development,Healthcare Representative,Travel_Rarely,8,Below College,High,39,Low,2,Low,3,No,13,High,9,3,Better,7,7,0,7,No,Excellent
E1001823,33,Male,Life Sciences,Single,Research & Development,Manufacturing Director,Travel_Rarely,25,Bachelor,Very High,44,Medium,2,Medium,1,No,13,Very High,5,2,Better,5,3,0,2,No,Excellent
E1001824,45,Male,Technical Degree,Married,Research & Development,Research Scientist,Travel_Rarely,28,Bachelor,Very High,97,High,1,Very High,4,No,20,Very High,8,3,Better,5,4,0,3,No,Outstanding
E1001825,42,Male,Life Sciences,Married,Research & Development,Healthcare Representative,Travel_Frequently,2,Bachelor,Very High,40,High,3,Very High,2,Yes,14,High,24,3,Bad,20,8,13,9,No,Excellent
E1001826,40,Male,Medical,Married,Sales,Sales Executive,Travel_Rarely,9,College,Low,47,High,2,Low,0,No,12,Very High,9,5,Best,8,4,7,1,No,Good
E1001827,33,Male,Life Sciences,Married,Research & Development,Laboratory Technician,Travel_Rarely,28,Master,Medium,79,High,2,High,1,Yes,12,Medium,15,3,Better,15,14,5,7,No,Good
E1001828,40,Male,Medical,Single,Human Resources,Manager,Travel_Rarely,6,College,High,38,High,4,Very High,1,Yes,21,Very High,21,2,Better,21,7,7,7,No,Outstanding
E1001829,24,Male,Technical Degree,Divorced,Research & Development,Laboratory Technician,Travel_Rarely,21,College,High,57,Medium,1,Low,0,No,14,Medium,2,3,Better,1,1,0,0,No,Excellent
E1001830,40,Male,Life Sciences,Divorced,Research & Development,Manager R&D,Non-Travel,8,College,Very High,72,High,2,Very High,3,Yes,18,High,8,2,Better,2,2,2,2,No,Excellent
E1001831,45,Male,Technical Degree,Divorced,Research & Development,Healthcare Representative,Travel_Rarely,1,Master,Low,66,High,3,Medium,1,No,12,Low,10,4,Better,10,8,7,7,No,Good
E1001832,35,Female,Life Sciences,Married,Sales,Sales Representative,Travel_Rarely,28,Master,Medium,98,Medium,1,High,0,No,23,Low,6,5,Better,5,3,4,2,No,Good
E1001834,36,Male,Life Sciences,Single,Sales,Sales Representative,Travel_Rarely,2,Master,High,70,High,1,Very High,3,Yes,21,Very High,7,3,Good,3,2,1,2,No,Outstanding
E1001835,48,Female,Life Sciences,Divorced,Sales,Sales Executive,Travel_Rarely,16,Master,High,96,High,2,High,8,No,14,High,18,2,Better,8,7,7,7,No,Excellent
E1001838,33,Male,Life Sciences,Married,Sales,Sales Executive,Travel_Rarely,8,Master,Low,46,High,2,Low,2,No,13,Very High,8,6,Bad,2,2,2,2,No,Good
E1001840,30,Male,Life Sciences,Married,Sales,Sales Executive,Travel_Rarely,1,Bachelor,Medium,64,Medium,2,Low,1,No,11,Very High,10,4,Better,10,8,6,7,Yes,Good
E1001841,38,Male,Human Resources,Married,Human Resources,Human Resources,Travel_Frequently,10,Master,High,71,High,2,High,3,No,11,High,10,2,Better,6,3,1,2,No,Excellent
E1001846,30,Male,Technical Degree,Married,Sales,Sales Executive,Travel_Rarely,29,Master,High,33,High,3,Medium,3,No,12,Medium,9,3,Better,4,2,1,3,No,Excellent
E1001847,35,Female,Life Sciences,Divorced,Research & Development,Laboratory Technician,Travel_Rarely,2,Bachelor,Low,69,High,1,Low,1,Yes,12,Very High,1,2,Better,1,0,0,0,Yes,Excellent
E1001850,53,Female,Technical Degree,Married,Research & Development,Manufacturing Director,Travel_Rarely,2,Doctor,High,78,Medium,3,Very High,0,No,16,Medium,34,4,Better,33,7,1,9,Yes,Excellent
E1001851,38,Male,Medical,Married,Research & Development,Manufacturing Director,Travel_Rarely,2,Bachelor,High,81,High,2,Medium,4,No,11,Low,7,2,Better,5,2,1,4,Yes,Excellent
E1001854,48,Female,Other,Married,Research & Development,Manager R&D,Travel_Rarely,15,Master,High,65,High,1,Low,8,No,12,Very High,10,3,Good,8,2,7,6,No,Excellent
E1001855,34,Male,Medical,Single,Research & Development,Research Scientist,Travel_Rarely,7,Master,Low,35,High,1,Very High,1,No,13,High,1,4,Bad,1,0,0,0,No,Excellent
E1001856,55,Male,Marketing,Married,Sales,Manager,Travel_Rarely,26,Doctor,High,60,Medium,5,Very High,1,No,21,High,36,3,Better,36,6,2,13,No,Outstanding
E1001858,34,Male,Life Sciences,Married,Research & Development,Manager R&D,Travel_Rarely,1,Master,Medium,45,High,2,Very High,9,No,17,Medium,9,3,Good,2,2,2,1,No,Good
E1001860,38,Male,Life Sciences,Married,Sales,Sales Executive,Travel_Rarely,14,Bachelor,High,80,High,2,Medium,0,No,11,Very High,10,3,Better,9,8,7,7,No,Excellent
E1001863,36,Female,Life Sciences,Single,Sales,Sales Executive,Travel_Rarely,1,Master,Medium,73,High,2,High,6,No,13,Low,15,5,Better,1,0,0,0,No,Excellent
E1001864,29,Male,Medical,Single,Research & Development,Manager R&D,Travel_Rarely,3,Below College,Medium,87,High,1,Low,1,Yes,18,Very High,10,3,Better,10,9,1,5,No,Good
E1001865,35,Female,Medical,Single,Research & Development,Healthcare Representative,Travel_Rarely,10,Master,Low,51,High,2,High,3,Yes,16,High,10,4,Better,5,2,0,4,No,Excellent
E1001866,39,Male,Medical,Married,Sales,Sales Executive,Travel_Rarely,6,Bachelor,Very High,38,Very High,3,High,2,No,11,Low,11,3,Better,7,6,7,6,No,Excellent
E1001868,29,Male,Life Sciences,Divorced,Finance,Finance Manager,Travel_Frequently,2,Below College,Low,87,High,2,Very High,1,No,19,Very High,6,0,Best,6,4,1,3,No,Good
E1001869,50,Male,Marketing,Married,Sales,Manager,Travel_Rarely,9,Bachelor,High,59,High,5,High,4,Yes,16,High,27,2,Better,1,0,0,0,No,Excellent
E1001870,23,Male,Technical Degree,Married,Finance,Finance Manager,Travel_Rarely,10,Bachelor,Very High,45,Very High,1,High,2,No,16,Very High,4,2,Better,2,2,2,2,No,Excellent
E1001874,35,Male,Life Sciences,Married,Finance,Finance Manager,Travel_Rarely,28,Bachelor,Medium,46,Very High,2,High,1,No,17,Very High,10,3,Good,10,9,6,8,No,Good
E1001875,34,Male,Technical Degree,Married,Finance,Finance Manager,Travel_Frequently,10,Master,Very High,92,Medium,2,High,1,No,14,Medium,8,3,Good,8,2,7,7,No,Excellent
E1001877,43,Male,Technical Degree,Divorced,Finance,Finance Manager,Travel_Rarely,27,Bachelor,Very High,87,Very High,1,Medium,5,No,12,High,8,0,Better,6,4,0,2,No,Excellent
E1001882,28,Male,Medical,Married,Finance,Finance Manager,Travel_Rarely,24,Bachelor,High,51,High,1,Medium,1,Yes,17,High,1,3,Better,1,1,0,0,Yes,Excellent
E1001883,22,Female,Other,Married,Finance,Finance Manager,Non-Travel,26,College,Medium,85,Medium,1,High,1,Yes,14,Medium,4,2,Good,4,2,1,3,No,Good
E1001884,50,Male,Medical,Married,Finance,Finance Manager,Travel_Frequently,20,Doctor,Medium,41,High,4,High,2,Yes,15,High,32,3,Better,30,8,12,13,No,Good
E1001885,32,Female,Other,Married,Finance,Finance Manager,Travel_Rarely,5,Master,Medium,35,Very High,1,Very High,3,No,17,Very High,6,3,Better,3,2,0,2,No,Excellent
E1001886,44,Female,Medical,Divorced,Finance,Finance Manager,Travel_Rarely,7,Bachelor,Medium,31,High,5,Very High,0,Yes,14,Very High,23,4,Good,22,7,1,10,No,Good
E1001887,30,Male,Medical,Married,Finance,Finance Manager,Travel_Rarely,7,Bachelor,Medium,48,Medium,1,Medium,1,No,12,Medium,6,3,Good,6,4,1,1,No,Good
E1001889,45,Female,Medical,Single,Finance,Finance Manager,Travel_Rarely,5,Doctor,High,50,Low,2,Low,1,Yes,14,Low,10,3,Better,10,7,1,4,No,Excellent
E1001890,45,Male,Marketing,Married,Sales,Sales Executive,Non-Travel,26,Bachelor,Low,52,Medium,2,Low,1,No,15,Low,10,2,Better,10,7,4,5,No,Good
E1001891,31,Male,Other,Single,Sales,Sales Executive,Travel_Frequently,2,Master,Very High,54,High,2,Low,7,No,13,Very High,10,3,Better,5,2,0,3,No,Excellent
E1001892,36,Female,Life Sciences,Married,Finance,Finance Manager,Travel_Rarely,12,Master,High,76,High,2,High,9,Yes,12,Medium,7,2,Better,3,2,1,1,No,Excellent
E1001893,34,Male,Life Sciences,Divorced,Finance,Finance Manager,Travel_Frequently,10,Master,High,42,Very High,2,Very High,1,No,13,Low,9,3,Better,9,7,7,2,No,Excellent
E1001895,49,Female,Life Sciences,Married,Finance,Finance Manager,Travel_Rarely,25,Master,High,84,High,1,Low,1,No,14,Very High,10,3,Good,9,6,1,4,No,Excellent
E1001897,27,Male,Other,Divorced,Finance,Finance Manager,Travel_Rarely,19,Bachelor,Very High,67,Medium,1,Low,1,No,11,Low,7,3,Better,7,7,0,7,No,Excellent
E1001899,35,Male,Life Sciences,Married,Finance,Finance Manager,Travel_Rarely,18,Doctor,Medium,48,Very High,2,Low,1,No,11,Very High,16,2,Better,16,15,1,10,No,Good
E1001900,28,Female,Medical,Divorced,Finance,Finance Manager,Travel_Rarely,27,Bachelor,Medium,39,Low,2,Low,0,No,21,Medium,6,5,Good,5,3,0,0,No,Excellent
E1001901,21,Male,Medical,Single,Finance,Finance Manager,Travel_Rarely,5,Below College,High,97,High,1,Very High,1,No,18,High,3,2,Better,2,2,2,2,No,Excellent
E1001902,18,Female,Medical,Single,Sales,Sales Representative,Travel_Frequently,3,College,Medium,70,High,1,Very High,1,Yes,12,High,0,2,Best,0,0,0,0,Yes,Excellent
E1001903,47,Female,Life Sciences,Married,Human Resources,Manager,Travel_Rarely,26,Master,Very High,98,High,5,High,3,No,11,High,27,2,Better,5,2,1,0,No,Excellent
E1001905,39,Male,Medical,Divorced,Finance,Finance Manager,Travel_Rarely,3,College,High,76,Medium,2,High,0,No,15,Very High,11,3,Better,10,8,0,7,No,Excellent
E1001908,35,Female,Life Sciences,Married,Finance,Finance Manager,Non-Travel,8,Master,High,52,High,2,High,1,No,12,Very High,15,5,Better,14,11,2,9,No,Excellent
E1001909,37,Male,Life Sciences,Married,Finance,Finance Manager,Travel_Rarely,19,Bachelor,High,85,High,2,High,3,No,17,Low,9,2,Good,4,3,0,2,No,Excellent
E1001911,39,Female,Medical,Single,Finance,Finance Manager,Travel_Frequently,4,Bachelor,Low,81,High,2,High,0,No,13,Very High,10,2,Bad,9,2,3,8,No,Good
E1001916,38,Female,Medical,Married,Finance,Finance Manager,Travel_Rarely,2,College,Very High,54,Medium,3,High,3,Yes,19,Very High,10,6,Best,5,4,0,2,No,Excellent
E1001918,37,Female,Medical,Married,Finance,Finance Manager,Travel_Rarely,10,Bachelor,Medium,71,High,1,Medium,1,No,11,Low,8,2,Bad,8,4,7,7,No,Good
E1001919,40,Female,Life Sciences,Single,Finance,Finance Manager,Travel_Rarely,16,Bachelor,High,84,High,3,Very High,6,Yes,15,Very High,18,2,Good,4,2,3,3,No,Excellent
E1001920,44,Male,Human Resources,Married,Human Resources,Human Resources,Travel_Frequently,1,Doctor,Low,37,High,2,Very High,4,Yes,11,High,14,3,Better,10,7,0,2,No,Excellent
E1001923,35,Male,Medical,Divorced,Sales,Sales Executive,Travel_Rarely,15,College,Low,59,Low,2,Very High,6,Yes,14,Very High,7,2,Good,2,2,2,2,Yes,Good
E1001924,24,Female,Technical Degree,Single,Finance,Finance Manager,Travel_Frequently,2,Below College,Low,32,High,1,Very High,1,Yes,13,High,6,2,Better,6,3,1,3,No,Good
E1001925,27,Female,Medical,Married,Finance,Finance Manager,Travel_Rarely,8,Bachelor,Medium,86,Very High,1,High,7,No,17,Low,5,0,Better,3,2,0,2,No,Excellent
E1001926,27,Male,Medical,Single,Finance,Finance Manager,Travel_Frequently,2,Bachelor,Very High,87,High,1,Very High,2,No,13,High,6,0,Good,4,2,1,2,No,Excellent
E1001931,25,Male,Life Sciences,Divorced,Finance,Finance Manager,Travel_Frequently,2,Below College,Very High,77,Very High,2,High,1,No,17,High,7,6,Better,7,7,0,7,No,Excellent
E1001932,39,Male,Medical,Married,Finance,Finance Manager,Travel_Rarely,12,Bachelor,Very High,66,High,2,Medium,4,No,21,High,7,3,Better,5,4,1,0,No,Outstanding
E1001933,49,Female,Other,Married,Finance,Finance Manager,Travel_Rarely,22,Master,Low,72,High,4,Medium,3,No,16,Medium,27,2,Better,4,2,1,2,No,Good
E1001934,50,Female,Life Sciences,Divorced,Finance,Finance Manager,Travel_Rarely,17,Doctor,Very High,50,Medium,3,Low,5,No,15,High,19,3,Better,14,11,1,11,No,Excellent
E1001935,20,Female,Medical,Single,Sales,Sales Representative,Travel_Rarely,2,Bachelor,High,31,High,1,High,1,No,19,Low,2,3,Better,2,2,2,2,No,Excellent
E1001936,34,Female,Life Sciences,Divorced,Finance,Finance Manager,Travel_Rarely,3,Bachelor,Very High,66,High,2,Medium,1,No,12,High,11,2,Better,11,8,7,9,No,Excellent
E1001937,36,Male,Life Sciences,Single,Finance,Finance Manager,Travel_Rarely,7,Bachelor,Low,77,High,1,Medium,2,No,11,High,15,4,Better,4,3,1,3,No,Good
E1001939,49,Female,Life Sciences,Married,Finance,Finance Manager,Travel_Rarely,6,Below College,High,41,Medium,4,High,2,Yes,19,Medium,30,3,Better,15,11,2,12,No,Excellent
E1001940,36,Female,Medical,Married,Finance,Finance Manager,Non-Travel,1,Master,Very High,33,Medium,2,High,0,No,15,High,4,6,Better,3,2,1,2,No,Excellent
E1001942,36,Male,Life Sciences,Divorced,Finance,Finance Manager,Travel_Rarely,3,College,Very High,79,Very High,2,Low,6,No,20,Low,13,3,Better,5,4,0,4,No,Outstanding
E1001943,54,Female,Medical,Married,Finance,Finance Manager,Travel_Rarely,22,Doctor,Medium,91,High,4,High,3,No,25,High,36,6,Better,10,8,4,7,No,Good
E1001944,43,Male,Life Sciences,Married,Finance,Finance Manager,Travel_Rarely,15,College,High,65,Medium,4,High,1,No,24,Low,14,3,Better,14,10,6,11,No,Outstanding
E1001945,35,Male,Other,Single,Sales,Sales Executive,Travel_Frequently,12,Master,Very High,36,High,2,Very High,3,Yes,24,Low,13,2,Best,11,9,6,7,Yes,Outstanding
E1001947,29,Male,Medical,Divorced,Sales,Sales Executive,Travel_Rarely,5,Bachelor,Low,43,Medium,2,Medium,1,Yes,13,Medium,10,3,Good,10,0,0,9,No,Excellent
E1001948,33,Male,Medical,Divorced,Sales,Sales Executive,Travel_Rarely,2,Master,Very High,93,High,2,Very High,1,No,14,High,6,5,Better,6,2,0,4,No,Excellent
E1001949,32,Male,Medical,Divorced,Finance,Finance Manager,Travel_Rarely,2,Bachelor,Very High,45,High,2,Medium,0,No,13,High,10,4,Good,9,5,1,6,No,Excellent
E1001951,31,Female,Life Sciences,Married,Sales,Sales Executive,Travel_Rarely,5,Master,Low,67,High,2,Very High,1,No,11,Low,10,2,Better,10,0,0,2,No,Excellent
E1001952,49,Female,Medical,Divorced,Finance,Finance Manager,Travel_Rarely,16,Bachelor,Very High,74,High,1,Low,4,Yes,16,Medium,17,2,Good,2,2,2,2,No,Excellent
E1001958,20,Male,Life Sciences,Single,Sales,Sales Representative,Travel_Rarely,9,Below College,Very High,54,High,1,Low,1,No,11,Low,2,3,Better,2,2,0,2,No,Excellent
E1001959,33,Female,Life Sciences,Divorced,Sales,Sales Executive,Non-Travel,16,Bachelor,High,36,High,2,Very High,1,Yes,25,High,7,2,Better,6,5,1,2,No,Outstanding
E1001960,36,Male,Life Sciences,Married,Finance,Finance Manager,Travel_Rarely,26,Master,Low,80,High,2,High,6,No,14,Medium,10,2,Good,3,2,0,2,No,Excellent
E1001961,44,Female,Life Sciences,Divorced,Human Resources,Human Resources,Travel_Rarely,1,Bachelor,High,44,High,1,Very High,4,Yes,18,Low,8,2,Better,2,2,2,2,No,Excellent
E1001962,23,Male,Medical,Single,Finance,Finance Manager,Travel_Rarely,8,Below College,Very High,93,Medium,1,High,1,Yes,11,Low,5,2,Better,5,4,1,2,Yes,Excellent
E1001965,38,Female,Medical,Married,Finance,Finance Manager,Travel_Rarely,4,College,Very High,87,High,1,High,7,No,19,Very High,7,5,Good,0,0,0,0,No,Excellent
E1001967,53,Male,Medical,Married,Finance,Finance Manager,Travel_Rarely,24,Master,Medium,48,Very High,3,Very High,3,No,15,High,11,2,Better,4,3,1,2,No,Good
E1001969,48,Female,Medical,Married,Sales,Sales Representative,Travel_Frequently,7,College,Very High,95,High,1,High,2,Yes,11,High,19,3,Better,9,7,7,7,Yes,Excellent
E1001970,32,Male,Life Sciences,Single,Finance,Finance Manager,Travel_Rarely,2,Master,Very High,95,High,1,Medium,1,No,12,Low,1,2,Better,1,0,0,0,Yes,Excellent
E1001971,26,Male,Medical,Single,Finance,Finance Manager,Non-Travel,7,Bachelor,Very High,76,High,1,Very High,1,No,20,High,7,5,Better,7,7,5,7,No,Outstanding
E1001972,55,Male,Technical Degree,Divorced,Finance,Finance Manager,Travel_Rarely,22,Bachelor,Low,94,Medium,1,Medium,5,No,12,Very High,8,1,Better,4,2,1,2,No,Good
E1001974,34,Male,Medical,Married,Research & Development,Manager R&D,Travel_Rarely,5,College,Medium,57,Medium,2,Very High,1,No,14,High,15,3,Best,15,10,4,13,No,Good
E1001975,60,Male,Medical,Divorced,Research & Development,Healthcare Representative,Travel_Rarely,1,Master,High,92,Low,3,Very High,3,No,20,High,19,2,Best,1,0,0,0,No,Outstanding
E1001978,37,Male,Medical,Divorced,Sales,Sales Executive,Travel_Frequently,1,Master,High,31,Low,2,Very High,1,No,14,High,6,2,Good,6,3,1,3,No,Excellent
E1001979,34,Female,Life Sciences,Married,Research & Development,Research Scientist,Travel_Rarely,19,Bachelor,Medium,35,Medium,1,Very High,1,No,12,Medium,10,3,Better,10,9,8,7,No,Good
E1001981,44,Female,Life Sciences,Married,Research & Development,Healthcare Representative,Travel_Rarely,2,Bachelor,High,96,Very High,3,Very High,1,Yes,19,Medium,9,2,Better,8,7,6,7,No,Excellent
E1001984,43,Male,Medical,Married,Sales,Sales Executive,Travel_Rarely,2,Bachelor,Very High,73,High,2,Very High,1,Yes,17,Low,10,3,Better,10,9,8,8,No,Excellent
E1001987,29,Female,Medical,Married,Research & Development,Manager R&D,Travel_Rarely,9,Master,Very High,43,High,1,High,9,No,17,High,9,2,Better,5,3,1,2,No,Excellent
E1001988,36,Female,Life Sciences,Single,Sales,Sales Representative,Travel_Rarely,2,Master,High,51,High,2,Very High,3,No,15,High,17,2,Good,13,7,6,7,No,Excellent
E1001990,45,Male,Life Sciences,Married,Research & Development,Manager R&D,Non-Travel,1,Below College,High,74,Medium,3,High,3,No,23,Very High,25,3,Good,23,15,14,4,No,Outstanding
E1001996,26,Male,Medical,Married,Research & Development,Laboratory Technician,Travel_Rarely,17,Master,Very High,62,Low,1,High,1,No,15,High,3,3,Best,3,2,0,2,No,Excellent
E1001997,45,Female,Technical Degree,Single,Research & Development,Manager R&D,Travel_Rarely,28,College,Very High,48,Medium,4,Medium,1,No,11,High,21,2,Better,21,6,8,6,No,Excellent
E1001999,31,Male,Life Sciences,Married,Research & Development,Laboratory Technician,Travel_Rarely,2,Master,Medium,69,High,1,High,1,No,14,Very High,6,2,Best,5,2,0,3,No,Excellent
E1002000,41,Male,Human Resources,Married,Human Resources,Human Resources,Non-Travel,4,Bachelor,High,60,Low,2,Medium,6,No,19,Medium,10,4,Better,3,2,1,2,No,Excellent
E1002002,40,Female,Life Sciences,Married,Research & Development,Manufacturing Director,Travel_Rarely,8,College,Medium,92,High,2,Low,2,Yes,16,Medium,18,3,Better,1,0,0,0,No,Excellent
E1002003,24,Male,Medical,Divorced,Research & Development,Laboratory Technician,Travel_Rarely,29,Below College,Medium,91,High,1,Low,1,No,13,Medium,6,2,Best,6,2,1,2,No,Good
E1002005,46,Male,Life Sciences,Single,Research & Development,Healthcare Representative,Travel_Rarely,13,Master,High,34,High,2,Medium,6,No,14,Very High,19,3,Better,10,7,0,9,No,Excellent
E1002007,30,Male,Life Sciences,Married,Research & Development,Research Scientist,Travel_Rarely,16,Below College,Medium,33,High,1,Very High,1,No,12,Medium,10,2,Good,10,0,0,8,No,Excellent
E1002009,47,Male,Marketing,Married,Sales,Sales Executive,Non-Travel,2,Master,High,87,High,2,Medium,7,No,11,Very High,4,3,Bad,1,0,0,0,No,Excellent
E1002010,46,Male,Life Sciences,Divorced,Sales,Sales Executive,Travel_Rarely,2,Bachelor,High,74,High,3,Very High,4,Yes,12,Medium,13,5,Good,10,6,0,3,No,Excellent
E1002011,36,Male,Marketing,Divorced,Sales,Sales Executive,Travel_Rarely,13,Doctor,Medium,96,Medium,2,Low,5,Yes,13,Medium,16,3,Better,2,2,2,2,Yes,Good
E1002012,32,Male,Life Sciences,Single,Sales,Sales Executive,Travel_Rarely,1,College,Low,34,Low,2,Medium,6,No,15,Medium,10,2,Better,0,0,0,0,Yes,Excellent
E1002014,31,Female,Technical Degree,Single,Research & Development,Manufacturing Director,Travel_Frequently,24,Below College,Very High,30,High,2,Very High,2,No,20,Very High,9,3,Good,5,4,1,4,No,Outstanding
E1002015,39,Male,Life Sciences,Married,Research & Development,Laboratory Technician,Non-Travel,1,Bachelor,Very High,77,High,2,Very High,1,Yes,15,Very High,9,2,Better,9,8,5,8,No,Excellent
E1002017,32,Male,Life Sciences,Married,Sales,Sales Executive,Travel_Rarely,19,Bachelor,Very High,80,Low,3,High,3,No,13,High,10,2,Bad,4,3,0,2,No,Excellent
E1002018,40,Male,Medical,Single,Sales,Manager,Travel_Rarely,7,Master,Medium,88,High,5,Medium,1,No,14,Medium,21,3,Good,21,8,12,8,No,Good
E1002022,45,Female,Life Sciences,Married,Human Resources,Human Resources,Travel_Rarely,4,Bachelor,High,56,Low,3,High,4,No,21,High,9,2,Best,5,0,0,3,No,Outstanding
E1002023,30,Female,Technical Degree,Single,Research & Development,Manager R&D,Travel_Frequently,2,Master,Very High,78,Medium,1,Low,0,No,16,Very High,10,2,Better,9,7,0,7,No,Excellent
E1002024,24,Male,Medical,Married,Human Resources,Human Resources,Travel_Frequently,10,Bachelor,Low,59,High,1,Very High,0,No,14,Very High,3,2,Better,2,2,2,1,No,Good
E1002025,30,Female,Human Resources,Divorced,Human Resources,Human Resources,Travel_Frequently,8,Bachelor,High,66,Medium,1,Very High,6,No,11,High,6,0,Good,4,2,1,2,Yes,Excellent
E1002027,31,Male,Technical Degree,Married,Sales,Sales Executive,Travel_Rarely,5,Bachelor,Low,51,High,2,High,1,No,19,High,6,3,Better,5,2,0,2,No,Outstanding
E1002029,27,Female,Medical,Single,Research & Development,Manager R&D,Travel_Rarely,8,Bachelor,High,67,High,1,Very High,1,No,11,High,6,5,Good,6,2,1,4,No,Excellent
E1002030,29,Female,Marketing,Single,Sales,Sales Representative,Travel_Rarely,9,Bachelor,Medium,52,Low,1,Medium,1,No,13,High,2,3,Better,2,2,2,2,Yes,Good
E1002031,29,Male,Life Sciences,Single,Research & Development,Healthcare Representative,Travel_Frequently,1,Bachelor,Very High,70,Very High,2,High,8,Yes,12,Very High,10,5,Best,3,2,0,2,No,Excellent
E1002032,30,Male,Marketing,Divorced,Sales,Sales Executive,Travel_Rarely,15,College,High,94,Medium,3,Low,2,No,11,Low,12,2,Better,7,7,1,7,No,Excellent
E1002033,34,Male,Medical,Married,Research & Development,Research Scientist,Travel_Rarely,2,Master,Very High,97,Very High,1,Very High,0,Yes,14,Low,6,3,Better,5,0,1,2,No,Excellent
E1002034,33,Female,Marketing,Single,Sales,Sales Executive,Non-Travel,2,Bachelor,Very High,62,High,2,Medium,8,No,15,Very High,13,2,Good,11,7,1,7,No,Excellent
E1002035,49,Female,Marketing,Single,Sales,Sales Executive,Travel_Rarely,11,Master,Very High,80,High,2,Very High,3,No,12,High,8,1,Best,5,1,0,4,No,Excellent
E1002036,33,Female,Life Sciences,Single,Sales,Sales Executive,Travel_Rarely,16,Bachelor,Low,74,High,3,Low,2,Yes,20,High,11,2,Good,0,0,0,0,Yes,Outstanding
E1002038,38,Female,Medical,Married,Research & Development,Laboratory Technician,Travel_Frequently,2,College,High,75,Medium,1,Medium,4,No,14,Medium,9,4,Good,6,1,0,5,No,Excellent
E1002042,32,Male,Technical Degree,Single,Research & Development,Research Scientist,Non-Travel,5,Master,Medium,65,High,1,Medium,2,No,14,Medium,12,3,Better,7,7,0,7,No,Excellent
E1002044,38,Male,Medical,Married,Research & Development,Healthcare Representative,Travel_Rarely,18,Bachelor,Medium,60,Low,2,Very High,3,Yes,16,High,15,2,Better,1,0,1,0,No,Excellent
E1002045,43,Male,Technical Degree,Married,Research & Development,Research Scientist,Travel_Frequently,17,Bachelor,High,38,Medium,1,High,9,Yes,16,Very High,6,4,Better,1,0,0,0,Yes,Excellent
E1002048,55,Male,Medical,Married,Research & Development,Research Director,Travel_Rarely,2,Bachelor,High,60,Medium,5,Low,8,No,12,Medium,34,2,Better,1,0,0,0,No,Excellent
E1002049,33,Male,Technical Degree,Divorced,Research & Development,Research Scientist,Non-Travel,4,Bachelor,Very High,90,High,2,Medium,5,No,15,Very High,11,2,Good,9,8,1,7,No,Excellent
E1002050,41,Male,Life Sciences,Divorced,Research & Development,Laboratory Technician,Travel_Rarely,9,Master,High,94,High,1,Low,1,No,20,Medium,5,2,Better,5,3,0,4,No,Outstanding
E1002052,34,Male,Life Sciences,Divorced,Sales,Sales Executive,Non-Travel,10,Bachelor,Very High,87,High,2,High,1,Yes,14,High,15,3,Better,15,14,0,7,No,Excellent
E1002053,53,Female,Medical,Married,Research & Development,Manufacturing Director,Non-Travel,1,Master,Low,60,Medium,4,High,4,Yes,20,Very High,27,2,Good,3,2,0,2,No,Excellent
E1002056,43,Male,Life Sciences,Single,Human Resources,Human Resources,Travel_Rarely,2,Bachelor,Medium,97,High,1,Very High,0,No,13,Medium,10,5,Better,9,7,1,8,No,Good
E1002057,34,Female,Life Sciences,Single,Sales,Sales Executive,Travel_Rarely,3,College,Very High,32,Low,2,Very High,5,No,12,Low,6,3,Better,2,2,2,2,No,Excellent
E1002058,21,Male,Marketing,Single,Sales,Sales Representative,Travel_Rarely,7,Below College,Medium,31,High,1,Medium,1,No,13,Medium,1,3,Better,1,0,1,0,Yes,Excellent
E1002060,38,Female,Other,Married,Research & Development,Manager R&D,Travel_Rarely,6,College,Very High,40,Medium,1,High,1,No,11,Medium,5,3,Better,5,4,0,4,No,Excellent
E1002061,22,Female,Medical,Married,Research & Development,Manager R&D,Travel_Rarely,8,Below College,High,79,High,1,Low,1,Yes,17,High,1,6,Better,1,0,0,0,Yes,Excellent
E1002062,31,Female,Marketing,Married,Sales,Sales Executive,Travel_Rarely,29,Master,Low,91,Medium,2,Very High,1,No,14,Low,13,3,Better,12,7,5,7,No,Good
E1002067,46,Male,Medical,Divorced,Research & Development,Research Director,Travel_Rarely,2,Master,High,46,High,5,Very High,7,Yes,17,High,24,3,Better,2,1,2,2,No,Excellent
E1002068,36,Male,Life Sciences,Married,Research & Development,Manager R&D,Travel_Rarely,10,Bachelor,Very High,90,High,3,Low,7,Yes,13,Very High,15,1,Better,12,8,5,7,No,Excellent
E1002070,44,Male,Medical,Divorced,Research & Development,Research Scientist,Travel_Frequently,1,College,High,99,High,1,Medium,1,Yes,12,High,6,2,Good,5,3,2,3,Yes,Excellent
E1002072,37,Male,Other,Divorced,Human Resources,Human Resources,Travel_Rarely,8,College,High,89,High,2,Medium,2,No,13,High,19,4,Good,10,0,4,7,No,Excellent
E1002076,33,Male,Life Sciences,Married,Research & Development,Research Scientist,Travel_Rarely,8,Master,Very High,90,Very High,1,Low,6,No,19,Medium,14,1,Better,10,8,7,6,No,Excellent
E1002079,46,Male,Life Sciences,Single,Sales,Sales Executive,Non-Travel,26,College,Medium,98,Medium,2,Medium,8,No,15,High,6,3,Better,2,2,2,2,No,Good
E1002080,40,Female,Life Sciences,Married,Research & Development,Laboratory Technician,Travel_Rarely,2,College,High,99,High,1,Low,4,No,17,Very High,7,5,Good,4,3,0,2,No,Excellent
E1002082,35,Male,Medical,Divorced,Research & Development,Manager R&D,Non-Travel,2,College,Medium,90,High,2,Very High,2,No,14,High,15,6,Better,7,7,1,7,No,Good
E1002083,38,Male,Human Resources,Divorced,Human Resources,Human Resources,Non-Travel,2,Bachelor,Low,100,High,1,Medium,5,No,13,Very High,13,3,Better,11,10,3,8,No,Good
E1002085,34,Male,Life Sciences,Married,Research & Development,Laboratory Technician,Travel_Frequently,9,Master,Very High,93,High,2,Low,4,No,17,High,11,3,Good,7,1,0,7,Yes,Excellent
E1002090,39,Male,Life Sciences,Divorced,Sales,Sales Executive,Travel_Frequently,20,Bachelor,High,83,High,2,Very High,2,No,18,Very High,7,6,Better,2,1,2,2,No,Excellent
E1002091,43,Male,Life Sciences,Single,Research & Development,Research Scientist,Non-Travel,9,Bachelor,Low,52,High,1,High,4,No,13,High,7,2,Good,3,2,1,2,No,Good
E1002092,41,Male,Life Sciences,Single,Research & Development,Healthcare Representative,Travel_Rarely,5,Bachelor,Medium,85,Very High,2,Medium,3,No,12,Low,11,3,Bad,3,2,1,2,No,Good
E1002093,41,Female,Marketing,Divorced,Sales,Sales Executive,Travel_Rarely,4,Below College,High,81,High,3,High,0,Yes,13,Very High,23,3,Best,22,14,13,5,No,Excellent
E1002101,34,Male,Technical Degree,Married,Sales,Sales Executive,Travel_Rarely,8,College,Medium,92,Very High,2,High,1,No,21,High,10,5,Better,10,8,4,8,No,Good
E1002102,58,Male,Medical,Divorced,Sales,Manager,Non-Travel,2,Bachelor,Medium,52,High,4,Medium,4,No,22,Very High,37,0,Good,16,9,14,14,No,Good
E1002104,35,Male,Medical,Married,Research & Development,Laboratory Technician,Travel_Rarely,23,Master,Medium,91,Low,1,High,0,No,16,Medium,6,2,Best,5,4,0,3,No,Excellent
E1002105,47,Female,Life Sciences,Divorced,Research & Development,Manager R&D,Travel_Rarely,4,Bachelor,High,92,Medium,3,Medium,8,Yes,12,High,28,4,Better,22,11,14,10,No,Excellent
E1002107,40,Female,Life Sciences,Divorced,Research & Development,Healthcare Representative,Travel_Rarely,12,Bachelor,Medium,47,High,2,Low,2,No,12,Medium,15,3,Better,7,4,7,7,No,Good
E1002108,54,Female,Medical,Married,Research & Development,Research Scientist,Travel_Rarely,7,Master,Very High,68,High,2,Very High,4,No,15,Medium,14,2,Good,7,1,1,7,No,Excellent
E1002111,31,Female,Marketing,Married,Sales,Sales Executive,Travel_Frequently,7,Master,Low,68,High,3,Low,2,No,14,Very High,9,3,Better,3,2,2,2,No,Good
E1002113,38,Female,Marketing,Married,Sales,Sales Representative,Travel_Rarely,2,Master,Medium,77,Low,2,Very High,2,Yes,20,Low,20,4,Good,4,2,0,3,No,Excellent
E1002114,26,Male,Medical,Single,Sales,Sales Executive,Travel_Rarely,10,Bachelor,High,46,High,2,Very High,1,No,13,Low,5,4,Better,5,3,1,2,No,Excellent
E1002115,58,Male,Life Sciences,Married,Research & Development,Manager R&D,Travel_Frequently,15,Master,Low,87,High,4,High,2,Yes,14,Medium,23,3,Better,2,2,2,2,No,Good
E1002117,18,Female,Medical,Single,Research & Development,Manager R&D,Non-Travel,14,Bachelor,Medium,33,High,1,High,1,No,16,High,0,4,Bad,0,0,0,0,No,Excellent
E1002120,31,Male,Human Resources,Married,Human Resources,Human Resources,Travel_Rarely,18,Doctor,Very High,89,Very High,1,Low,0,No,17,High,2,4,Better,1,0,0,0,Yes,Excellent
E1002123,45,Female,Life Sciences,Married,Sales,Sales Executive,Non-Travel,2,Master,High,67,High,2,High,4,No,22,Medium,10,3,Best,8,7,5,7,No,Outstanding
E1002125,36,Female,Other,Married,Research & Development,Research Scientist,Travel_Rarely,2,Master,Very High,73,High,2,Medium,4,Yes,22,Very High,15,2,Better,1,0,0,0,No,Outstanding
E1002127,43,Male,Life Sciences,Married,Sales,Sales Executive,Travel_Frequently,2,Master,Low,92,High,2,Very High,1,No,20,High,7,5,Better,7,7,7,7,No,Good
E1002128,27,Female,Life Sciences,Single,Research & Development,Manager R&D,Travel_Frequently,5,College,Very High,53,High,1,Very High,0,Yes,14,High,6,3,Good,5,4,0,2,No,Excellent
E1002130,29,Male,Medical,Married,Research & Development,Laboratory Technician,Travel_Frequently,20,Below College,Very High,40,High,1,Very High,1,No,13,Medium,11,3,Best,11,8,3,10,No,Excellent
E1002131,32,Male,Marketing,Single,Sales,Sales Executive,Travel_Frequently,10,Master,Very High,79,High,2,Very High,8,No,13,High,4,2,Best,0,0,0,0,No,Excellent
E1002132,42,Male,Technical Degree,Married,Research & Development,Research Scientist,Non-Travel,10,Master,High,38,High,1,High,3,No,22,Medium,10,1,Good,6,3,3,3,No,Outstanding
E1002134,47,Female,Life Sciences,Single,Research & Development,Laboratory Technician,Travel_Rarely,9,Master,Medium,64,High,1,High,4,No,12,High,7,2,Better,2,2,2,0,No,Good
E1002135,46,Male,Life Sciences,Divorced,Research & Development,Manufacturing Director,Travel_Rarely,2,College,Very High,82,High,3,Very High,3,No,14,High,12,4,Good,9,8,4,7,No,Excellent
E1002136,28,Male,Life Sciences,Divorced,Human Resources,Human Resources,Non-Travel,1,College,High,43,High,1,Very High,1,No,15,Medium,3,2,Better,3,2,2,2,No,Excellent
E1002137,29,Male,Life Sciences,Divorced,Research & Development,Healthcare Representative,Travel_Rarely,29,Below College,Very High,93,Low,2,High,8,No,17,Very High,11,3,Better,7,0,1,6,No,Excellent
E1002138,42,Male,Life Sciences,Single,Research & Development,Manager R&D,Travel_Rarely,8,Bachelor,Very High,81,High,1,High,4,No,13,Very High,8,3,Better,0,0,0,0,No,Excellent
E1002140,32,Male,Marketing,Single,Sales,Sales Executive,Travel_Rarely,2,Master,High,82,Medium,2,Medium,7,Yes,12,High,7,3,Good,2,2,2,2,Yes,Excellent
E1002141,46,Female,Technical Degree,Divorced,Sales,Sales Executive,Travel_Rarely,3,Bachelor,Low,45,Very High,4,Low,2,No,12,Very High,25,5,Better,19,17,2,8,No,Good
E1002142,27,Female,Medical,Married,Sales,Sales Representative,Travel_Rarely,23,Below College,Medium,36,Medium,2,High,1,No,21,Very High,9,5,Better,9,8,5,8,No,Good
E1002143,29,Male,Medical,Married,Human Resources,Human Resources,Travel_Rarely,6,Below College,Very High,87,Medium,1,Medium,1,No,11,Very High,1,3,Better,1,0,0,0,No,Excellent
E1002145,48,Male,Life Sciences,Married,Research & Development,Manager R&D,Travel_Rarely,10,Bachelor,Very High,91,Medium,5,Medium,4,No,12,Very High,29,3,Better,22,10,12,9,No,Excellent
E1002146,29,Male,Life Sciences,Single,Research & Development,Research Scientist,Travel_Frequently,24,College,Very High,73,Medium,1,Very High,1,Yes,24,Medium,1,3,Good,1,0,1,0,Yes,Outstanding
E1002151,55,Male,Technical Degree,Married,Research & Development,Research Scientist,Travel_Rarely,2,Master,Medium,98,Medium,1,Very High,8,No,20,Medium,19,2,Best,5,2,0,4,No,Excellent
E1002153,28,Female,Medical,Married,Sales,Sales Representative,Travel_Rarely,3,Bachelor,Medium,78,High,1,Medium,1,No,19,Very High,1,3,Better,1,0,0,0,No,Excellent
E1002154,30,Male,Medical,Single,Sales,Sales Representative,Travel_Rarely,9,Bachelor,Medium,89,High,1,Very High,1,No,13,High,1,3,Good,1,0,0,0,Yes,Excellent
E1002156,22,Male,Life Sciences,Single,Research & Development,Research Scientist,Travel_Rarely,7,Below College,Very High,75,High,1,Medium,1,Yes,23,Low,1,2,Better,1,0,0,0,Yes,Outstanding
E1002158,36,Female,Technical Degree,Married,Sales,Sales Executive,Travel_Rarely,10,Master,Medium,63,Medium,2,High,1,Yes,13,Low,10,4,Better,10,9,1,7,No,Good
E1002160,34,Male,Life Sciences,Married,Sales,Sales Executive,Travel_Rarely,4,Bachelor,High,64,High,3,Very High,2,Yes,13,Very High,9,3,Better,5,3,1,0,No,Excellent
E1002161,29,Male,Life Sciences,Single,Research & Development,Laboratory Technician,Travel_Rarely,7,Bachelor,Very High,59,High,1,Low,3,No,14,Medium,11,2,Better,3,2,1,2,No,Excellent
E1002163,37,Male,Medical,Married,Research & Development,Research Scientist,Travel_Rarely,7,Master,Very High,78,High,2,Low,5,Yes,22,High,16,2,Better,5,3,0,4,No,Outstanding
E1002164,35,Female,Other,Married,Research & Development,Manufacturing Director,Travel_Rarely,16,College,Very High,44,Medium,2,Medium,0,Yes,11,Very High,4,2,Better,3,2,0,2,No,Excellent
E1002166,45,Female,Life Sciences,Married,Research & Development,Manufacturing Director,Travel_Rarely,25,College,Medium,93,Medium,2,Very High,0,No,13,Very High,10,2,Good,9,8,3,8,No,Good
E1002168,36,Male,Human Resources,Single,Human Resources,Human Resources,Travel_Frequently,2,Below College,Medium,94,Medium,2,Very High,1,No,21,Very High,10,2,Good,10,1,0,8,No,Outstanding
E1002170,40,Male,Life Sciences,Divorced,Research & Development,Manager R&D,Travel_Rarely,1,Master,Low,98,High,4,Low,2,No,11,Low,22,3,Better,19,7,11,16,No,Good
E1002171,26,Female,Life Sciences,Married,Research & Development,Research Scientist,Travel_Rarely,1,College,Medium,90,Medium,1,High,1,Yes,13,High,1,3,Good,1,0,1,0,No,Excellent
E1002176,27,Female,Medical,Single,Sales,Sales Executive,Travel_Rarely,2,College,Low,89,Very High,2,High,0,No,14,Medium,9,5,Good,8,7,0,7,No,Excellent
E1002178,48,Female,Medical,Divorced,Research & Development,Manager,Travel_Frequently,22,Bachelor,Very High,58,High,4,Very High,3,No,11,Medium,24,3,Better,22,17,4,7,No,Excellent
E1002181,44,Male,Life Sciences,Married,Research & Development,Healthcare Representative,Travel_Rarely,1,Master,Medium,78,Very High,2,Low,2,No,15,Very High,10,5,Better,2,0,2,2,No,Excellent
E1002183,34,Male,Technical Degree,Married,Research & Development,Research Scientist,Non-Travel,16,Master,Very High,85,Low,1,Low,1,Yes,23,Medium,5,2,Better,5,2,3,0,Yes,Outstanding
E1002185,56,Male,Life Sciences,Single,Research & Development,Manager R&D,Travel_Rarely,24,College,Low,97,High,1,Very High,1,No,16,Very High,5,3,Better,4,2,1,0,Yes,Good
E1002186,36,Male,Marketing,Married,Sales,Sales Executive,Travel_Rarely,17,College,High,33,Medium,2,Medium,2,No,16,High,12,1,Bad,4,2,1,3,No,Good
E1002187,41,Female,Marketing,Married,Sales,Sales Executive,Travel_Rarely,8,Bachelor,High,54,High,2,Medium,5,No,21,High,14,3,Better,5,4,1,4,No,Outstanding
E1002189,42,Male,Medical,Married,Research & Development,Manager R&D,Travel_Rarely,6,Bachelor,High,83,High,3,Low,9,No,13,Medium,18,3,Best,13,7,5,7,No,Excellent
E1002190,31,Female,Medical,Divorced,Sales,Sales Executive,Travel_Rarely,10,College,High,86,High,2,Very High,2,Yes,11,Very High,8,2,Better,5,2,1,4,No,Excellent
E1002193,34,Female,Medical,Married,Sales,Sales Executive,Travel_Rarely,3,Below College,Very High,75,Medium,2,Very High,3,Yes,12,High,9,3,Good,4,2,0,1,No,Excellent
E1002194,31,Female,Medical,Divorced,Research & Development,Laboratory Technician,Travel_Rarely,4,Bachelor,Low,62,Very High,1,High,8,No,12,Medium,4,0,Good,2,2,2,2,No,Good
E1002196,26,Male,Other,Married,Research & Development,Manager R&D,Travel_Frequently,6,Bachelor,High,61,Very High,1,Very High,0,No,18,Low,8,3,Better,7,7,7,7,No,Excellent
E1002200,45,Male,Medical,Single,Research & Development,Manager R&D,Travel_Frequently,1,Master,Medium,44,High,2,High,4,No,12,High,12,3,Better,4,2,0,3,No,Excellent
E1002202,33,Male,Marketing,Single,Sales,Sales Executive,Travel_Rarely,10,Master,Medium,43,High,2,High,1,No,14,Medium,10,2,Good,10,4,0,9,No,Excellent
E1002205,28,Male,Life Sciences,Married,Sales,Sales Executive,Travel_Frequently,1,College,High,42,Medium,2,Very High,1,Yes,12,High,7,2,Better,7,7,0,7,No,Excellent
E1002207,39,Female,Life Sciences,Married,Sales,Sales Executive,Non-Travel,21,Master,Low,32,Low,2,High,6,No,19,High,10,1,Better,3,2,1,2,No,Good
E1002209,27,Male,Technical Degree,Married,Research & Development,Manager R&D,Travel_Rarely,2,Master,Medium,41,High,1,Medium,1,No,11,High,6,3,Good,5,3,1,2,No,Good
E1002210,34,Male,Other,Married,Research & Development,Research Scientist,Travel_Frequently,22,Master,High,86,Medium,2,Very High,1,Yes,15,Medium,16,3,Better,15,10,6,11,No,Excellent
E1002212,47,Male,Technical Degree,Married,Research & Development,Manager R&D,Non-Travel,14,Master,High,64,High,2,Medium,8,No,18,High,16,4,Best,8,7,1,7,No,Excellent
E1002213,56,Female,Marketing,Married,Sales,Sales Executive,Travel_Rarely,11,Doctor,Very High,89,Medium,2,Low,4,No,16,High,6,3,Better,0,0,0,0,No,Excellent
E1002215,38,Female,Medical,Divorced,Research & Development,Manager R&D,Travel_Frequently,8,Bachelor,Very High,58,Medium,2,Medium,1,Yes,16,High,20,3,Better,20,11,0,7,No,Excellent
E1002216,58,Female,Life Sciences,Married,Sales,Manager,Travel_Rarely,21,Bachelor,Very High,72,High,4,Very High,4,Yes,13,High,29,2,Good,1,0,0,0,No,Excellent
E1002217,32,Female,Life Sciences,Single,Research & Development,Research Scientist,Travel_Frequently,5,College,Low,47,Very High,1,High,3,Yes,14,Low,8,2,Better,4,1,0,3,Yes,Excellent
E1002218,38,Male,Life Sciences,Divorced,Research & Development,Manager R&D,Travel_Rarely,9,College,Medium,71,High,1,Very High,2,No,19,Very High,10,0,Best,5,2,0,3,No,Outstanding
E1002219,49,Male,Life Sciences,Married,Research & Development,Manager R&D,Travel_Frequently,2,Below College,Medium,42,High,5,Very High,3,No,15,Very High,28,3,Better,5,4,4,3,No,Good
E1002221,42,Male,Marketing,Divorced,Sales,Sales Executive,Travel_Rarely,12,Master,Medium,77,High,2,Very High,3,Yes,12,High,14,4,Better,0,0,0,0,No,Excellent
E1002222,27,Female,Human Resources,Married,Human Resources,Human Resources,Travel_Frequently,22,Bachelor,Low,58,Medium,1,Medium,1,No,12,Low,1,2,Better,1,0,0,0,Yes,Excellent
E1002223,35,Male,Medical,Married,Sales,Sales Executive,Travel_Rarely,18,Master,Medium,71,High,2,Low,0,No,16,Very High,6,2,Bad,5,3,0,4,No,Good
E1002225,28,Male,Medical,Single,Research & Development,Manager R&D,Non-Travel,16,Bachelor,High,49,High,1,High,1,No,14,High,5,3,Good,5,3,1,4,No,Excellent
E1002226,31,Male,Medical,Divorced,Research & Development,Research Scientist,Non-Travel,3,College,High,48,High,1,Low,1,Yes,13,Very High,4,3,Best,4,2,2,3,No,Excellent
E1002227,36,Male,Life Sciences,Married,Research & Development,Manager R&D,Non-Travel,9,Master,Low,66,Very High,1,Medium,1,No,22,Medium,5,3,Better,5,4,0,2,No,Excellent
E1002228,34,Male,Marketing,Single,Sales,Sales Executive,Travel_Rarely,1,Bachelor,Low,32,High,3,Very High,1,No,21,Low,14,3,Good,14,8,2,1,No,Good
E1002229,34,Male,Medical,Divorced,Sales,Sales Executive,Travel_Rarely,13,Master,Very High,39,High,3,High,1,No,18,High,9,2,Good,8,7,1,1,No,Excellent
E1002230,26,Male,Medical,Single,Research & Development,Laboratory Technician,Travel_Rarely,1,Bachelor,High,95,High,1,Low,0,No,13,Very High,8,6,Good,7,7,7,6,No,Excellent
E1002233,32,Female,Medical,Divorced,Research & Development,Manager R&D,Non-Travel,15,Master,High,34,High,2,Very High,5,No,18,Medium,9,6,Better,5,1,1,2,No,Excellent
E1002238,28,Male,Technical Degree,Divorced,Research & Development,Manager R&D,Travel_Rarely,17,Bachelor,High,32,Medium,1,Very High,5,No,12,Low,6,2,Good,4,1,0,3,Yes,Excellent
E1002239,38,Male,Life Sciences,Single,Sales,Sales Representative,Travel_Rarely,1,Bachelor,Low,59,Medium,1,Low,4,No,14,Low,20,3,Good,1,0,0,0,No,Excellent
E1002240,35,Female,Life Sciences,Married,Sales,Sales Executive,Travel_Rarely,7,Master,High,55,High,2,Very High,1,Yes,11,Very High,10,2,Better,10,8,0,9,No,Excellent
E1002243,27,Male,Marketing,Single,Sales,Sales Executive,Travel_Rarely,9,Bachelor,Very High,44,High,2,Very High,1,No,14,Low,7,5,Better,7,7,0,7,No,Excellent
E1002244,32,Male,Life Sciences,Single,Research & Development,Manager R&D,Travel_Rarely,5,Master,Very High,56,Medium,2,Very High,8,No,24,Medium,8,1,Better,1,0,0,0,No,Outstanding
E1002245,31,Male,Marketing,Married,Sales,Sales Executive,Travel_Frequently,26,Master,Low,63,High,2,Very High,1,Yes,11,High,10,4,Better,10,7,0,8,Yes,Excellent
E1002246,53,Male,Life Sciences,Single,Sales,Sales Executive,Travel_Rarely,24,Master,Low,66,High,3,Low,6,Yes,13,Medium,15,2,Good,2,2,2,2,Yes,Good
E1002247,54,Female,Life Sciences,Married,Research & Development,Research Scientist,Travel_Rarely,9,College,Low,67,High,2,High,3,No,11,High,9,6,Good,4,3,2,3,No,Good
E1002248,33,Male,Life Sciences,Divorced,Research & Development,Manager R&D,Travel_Frequently,7,College,Very High,36,High,2,High,1,No,20,High,9,2,Better,9,7,2,8,No,Outstanding
E1002249,43,Male,Life Sciences,Married,Research & Development,Healthcare Representative,Travel_Rarely,11,Bachelor,Low,30,High,3,High,1,No,17,Medium,10,1,Better,10,9,0,9,No,Excellent
E1002250,38,Male,Other,Married,Human Resources,Human Resources,Travel_Frequently,1,Master,Very High,88,High,1,Medium,0,Yes,11,Medium,7,2,Better,6,2,1,2,No,Excellent
E1002251,55,Male,Human Resources,Married,Human Resources,Manager,Travel_Rarely,26,Master,High,71,Very High,5,Medium,4,Yes,18,Low,35,0,Better,10,9,1,4,No,Excellent
E1002252,31,Female,Medical,Divorced,Research & Development,Manager R&D,Travel_Rarely,2,Below College,Very High,59,Low,1,Very High,1,Yes,11,High,1,4,Better,1,0,0,0,No,Excellent
E1002253,39,Male,Marketing,Single,Sales,Sales Executive,Travel_Rarely,15,Master,Medium,77,High,4,Low,0,No,12,Low,21,3,Better,20,8,11,10,No,Good
E1002254,42,Male,Life Sciences,Single,Research & Development,Research Scientist,Non-Travel,23,College,Very High,37,Medium,2,High,1,No,12,Very High,20,2,Better,20,9,3,7,No,Excellent
E1002257,31,Female,Medical,Married,Research & Development,Research Director,Non-Travel,10,Bachelor,High,40,High,3,High,4,No,20,High,13,2,Best,11,7,4,8,No,Outstanding
E1002258,54,Female,Medical,Single,Research & Development,Manufacturing Director,Travel_Rarely,10,Bachelor,High,77,High,2,Low,6,Yes,19,Very High,9,3,Better,5,2,1,4,No,Excellent
E1002259,24,Male,Life Sciences,Single,Research & Development,Healthcare Representative,Travel_Rarely,1,College,Medium,45,Medium,2,High,1,No,12,Medium,4,2,Good,4,3,1,2,No,Good
E1002260,23,Male,Other,Single,Research & Development,Laboratory Technician,Travel_Rarely,12,College,Very High,78,High,1,Very High,1,No,13,High,5,6,Best,5,2,1,4,No,Excellent
E1002263,40,Female,Technical Degree,Married,Research & Development,Laboratory Technician,Travel_Frequently,11,Bachelor,Very High,73,High,2,High,1,No,11,Low,10,2,Best,10,9,9,4,No,Excellent
E1002264,40,Female,Marketing,Married,Sales,Sales Executive,Travel_Rarely,2,College,Medium,92,High,2,Medium,3,No,14,High,15,4,Better,11,8,5,10,No,Good
E1002265,25,Female,Human Resources,Married,Human Resources,Human Resources,Travel_Rarely,2,Bachelor,High,82,High,1,Medium,4,No,14,High,6,3,Better,2,0,1,2,No,Excellent
E1002267,30,Male,Medical,Married,Research & Development,Laboratory Technician,Travel_Rarely,1,College,Very High,76,High,1,Medium,1,No,13,High,12,6,Good,12,8,1,7,No,Excellent
E1002270,25,Male,Other,Divorced,Research & Development,Laboratory Technician,Travel_Rarely,2,Below College,Very High,57,High,1,High,6,Yes,19,High,7,2,Good,2,2,0,2,No,Excellent
E1002271,47,Male,Medical,Single,Research & Development,Manager R&D,Travel_Rarely,25,Bachelor,Low,84,High,3,High,2,No,23,Medium,25,3,Better,17,14,12,11,No,Good
E1002273,38,Male,Life Sciences,Married,Sales,Sales Executive,Travel_Rarely,1,Master,Very High,86,High,2,Medium,0,No,15,Low,16,3,Better,15,13,5,8,No,Excellent
E1002274,31,Male,Life Sciences,Married,Sales,Sales Representative,Travel_Rarely,2,College,Low,54,High,1,High,0,No,19,High,3,1,Better,2,2,1,2,No,Good
E1002276,42,Male,Life Sciences,Divorced,Research & Development,Research Scientist,Travel_Rarely,18,Master,Very High,35,High,2,Low,6,Yes,17,High,9,3,Good,4,3,1,2,No,Excellent
E1002277,41,Male,Life Sciences,Married,Research & Development,Research Scientist,Travel_Rarely,1,Bachelor,Very High,76,High,1,Very High,3,No,22,Low,12,3,Better,5,3,1,0,No,Outstanding
E1002278,47,Female,Medical,Married,Research & Development,Research Scientist,Non-Travel,1,Below College,High,98,High,3,Medium,0,No,18,Low,14,3,Bad,13,8,5,12,No,Good
E1002281,35,Male,Medical,Married,Research & Development,Research Director,Travel_Rarely,11,Master,Very High,43,High,1,High,7,Yes,11,High,5,3,Better,2,2,2,2,No,Excellent
E1002285,22,Male,Life Sciences,Single,Research & Development,Research Scientist,Travel_Rarely,1,College,Very High,63,High,1,High,0,No,12,Very High,4,2,Best,3,2,1,2,No,Excellent
E1002286,35,Male,Medical,Single,Research & Development,Research Scientist,Travel_Rarely,9,Master,Medium,48,High,2,High,1,No,19,Medium,10,5,Better,10,7,0,8,No,Excellent
E1002287,33,Female,Medical,Married,Research & Development,Healthcare Representative,Travel_Rarely,15,College,Medium,95,High,2,Very High,0,Yes,13,Low,10,6,Better,9,7,8,1,No,Good
E1002288,32,Female,Life Sciences,Single,Research & Development,Laboratory Technician,Travel_Rarely,29,Master,High,49,Medium,1,Medium,1,No,13,High,6,3,Better,6,2,4,1,No,Excellent
E1002290,40,Male,Life Sciences,Married,Research & Development,Laboratory Technician,Travel_Rarely,1,Master,Low,83,High,1,Very High,8,No,19,High,8,3,Good,1,0,0,0,No,Excellent
E1002291,32,Male,Medical,Married,Sales,Sales Representative,Travel_Rarely,1,Master,Medium,68,Medium,1,Medium,0,No,14,Medium,3,2,Better,2,2,2,2,No,Good
E1002292,39,Male,Life Sciences,Single,Research & Development,Research Scientist,Travel_Rarely,24,Below College,Low,52,High,2,Very High,7,No,13,Low,18,2,Better,7,7,1,7,No,Good
E1002293,38,Female,Medical,Married,Research & Development,Research Director,Travel_Rarely,10,Bachelor,Medium,99,Low,3,High,3,No,12,Low,20,3,Better,18,16,1,11,No,Good
E1002295,37,Female,Life Sciences,Married,Research & Development,Research Director,Travel_Rarely,10,Bachelor,High,42,Very High,3,Very High,1,Yes,25,Low,16,2,Better,16,11,6,8,No,Outstanding
E1002296,25,Female,Other,Divorced,Sales,Sales Executive,Travel_Rarely,8,College,Low,85,High,2,High,0,Yes,22,Medium,6,3,Good,5,3,0,4,No,Excellent
E1002297,52,Male,Life Sciences,Divorced,Sales,Sales Representative,Non-Travel,29,Master,Low,40,High,1,Very High,2,No,15,Medium,16,3,Good,9,8,0,0,No,Excellent
E1002298,44,Male,Medical,Single,Research & Development,Research Scientist,Travel_Rarely,1,Bachelor,Medium,42,High,1,Very High,6,Yes,12,High,6,2,Better,4,3,1,2,No,Good
E1002299,21,Male,Medical,Single,Sales,Sales Representative,Travel_Rarely,5,Below College,High,58,High,1,Low,1,Yes,11,Very High,2,6,Better,2,2,1,2,No,Excellent
E1002301,23,Male,Marketing,Married,Sales,Sales Representative,Travel_Frequently,9,Bachelor,Very High,33,High,1,Low,1,No,19,Low,1,3,Good,1,0,1,0,Yes,Excellent
E1002302,36,Female,Medical,Married,Sales,Sales Executive,Travel_Rarely,3,Bachelor,Low,94,Medium,3,Very High,0,No,19,High,10,2,Better,9,7,3,4,No,Good
E1002303,36,Female,Life Sciences,Divorced,Research & Development,Manufacturing Director,Travel_Frequently,4,College,Very High,97,High,2,Medium,7,No,13,Medium,18,3,Better,4,2,0,2,No,Excellent
E1002304,56,Male,Life Sciences,Divorced,Research & Development,Healthcare Representative,Non-Travel,1,Master,High,57,High,2,High,1,No,21,Low,13,2,Good,13,12,1,9,No,Outstanding
E1002305,29,Male,Medical,Married,Research & Development,Research Scientist,Travel_Rarely,1,Master,Low,36,High,1,Very High,9,Yes,14,Medium,4,3,Best,2,2,2,2,Yes,Good
E1002310,56,Male,Technical Degree,Married,Research & Development,Laboratory Technician,Travel_Rarely,7,College,Very High,72,High,1,High,8,No,11,Very High,14,4,Bad,10,9,9,8,Yes,Good
E1002312,41,Female,Life Sciences,Married,Research & Development,Manufacturing Director,Travel_Rarely,28,Master,Low,60,Medium,4,Medium,0,No,23,High,21,3,Better,20,7,0,10,No,Excellent
E1002313,34,Female,Marketing,Married,Sales,Sales Executive,Travel_Rarely,28,Bachelor,Very High,95,Medium,2,High,1,No,21,Very High,8,2,Better,8,7,1,7,No,Outstanding
E1002314,36,Male,Marketing,Divorced,Sales,Sales Executive,Non-Travel,15,Master,Very High,88,Low,2,Very High,1,No,24,Low,15,4,Good,15,12,11,11,No,Outstanding
E1002315,41,Male,Life Sciences,Divorced,Sales,Sales Executive,Travel_Rarely,3,Bachelor,High,57,Medium,2,Medium,2,No,11,High,14,5,Better,5,4,0,4,No,Excellent
E1002316,32,Male,Technical Degree,Single,Research & Development,Research Scientist,Travel_Rarely,2,Bachelor,Very High,78,High,1,Low,1,No,14,Very High,4,4,Better,4,2,1,2,No,Excellent
E1002318,35,Female,Life Sciences,Single,Human Resources,Human Resources,Travel_Rarely,26,Master,High,31,High,3,Very High,1,Yes,16,High,9,2,Better,9,0,1,7,No,Excellent
E1002319,38,Female,Life Sciences,Married,Sales,Sales Executive,Travel_Rarely,10,College,Low,100,High,2,Very High,1,No,11,High,10,1,Better,10,7,1,9,No,Good
E1002322,50,Male,Life Sciences,Divorced,Sales,Sales Executive,Travel_Frequently,1,Master,Medium,94,High,2,High,7,No,12,Very High,12,3,Better,6,3,0,1,Yes,Outstanding
E1002323,36,Female,Marketing,Married,Sales,Sales Executive,Travel_Rarely,11,Master,Medium,100,Medium,2,Very High,4,No,13,Low,8,2,Good,6,3,0,0,No,Excellent
E1002326,40,Male,Life Sciences,Single,Research & Development,Research Scientist,Travel_Rarely,2,Master,High,52,Medium,1,High,2,No,14,Very High,8,2,Better,2,2,2,2,No,Excellent
E1002327,35,Male,Life Sciences,Married,Research & Development,Research Scientist,Travel_Frequently,18,Master,High,80,High,2,High,1,Yes,14,Very High,10,2,Best,10,2,0,2,No,Excellent
E1002329,40,Female,Medical,Married,Research & Development,Research Scientist,Travel_Rarely,2,Master,High,98,High,1,High,2,No,14,Medium,20,2,Better,5,3,0,2,No,Excellent
E1002330,35,Female,Life Sciences,Married,Research & Development,Research Scientist,Travel_Rarely,1,Master,High,62,Low,1,Very High,1,No,12,Very High,4,5,Better,4,3,1,1,No,Excellent
E1002331,29,Male,Other,Married,Research & Development,Research Scientist,Travel_Rarely,13,College,Very High,46,Medium,2,Medium,4,Yes,13,Low,10,2,Better,4,3,0,3,No,Excellent
E1002332,29,Female,Medical,Single,Research & Development,Research Scientist,Travel_Rarely,28,Master,Very High,73,Medium,1,Low,1,No,14,Medium,5,3,Bad,5,4,0,4,No,Good
E1002333,50,Male,Marketing,Divorced,Sales,Sales Executive,Travel_Rarely,28,Bachelor,Very High,39,Medium,3,Low,4,Yes,13,Medium,20,3,Better,3,2,2,0,Yes,Excellent
E1002334,39,Female,Marketing,Married,Sales,Sales Executive,Travel_Rarely,24,Below College,Medium,60,Medium,4,Very High,0,No,11,Low,21,2,Good,20,9,9,6,No,Good
E1002335,31,Male,Medical,Single,Research & Development,Manufacturing Director,Non-Travel,5,Bachelor,Medium,74,High,2,Low,0,No,19,Medium,10,2,Better,9,4,1,7,No,Good
E1002338,26,Female,Other,Single,Sales,Sales Representative,Travel_Rarely,5,Bachelor,Very High,30,Medium,1,High,0,No,18,Very High,5,2,Better,4,2,0,0,No,Excellent
E1002340,39,Male,Medical,Married,Research & Development,Healthcare Representative,Travel_Rarely,6,Below College,Very High,42,Medium,3,Low,4,No,15,Low,9,5,Better,7,7,1,7,No,Excellent
E1002342,27,Male,Life Sciences,Married,Research & Development,Manufacturing Director,Travel_Rarely,4,Bachelor,Medium,87,Very High,2,Medium,1,Yes,20,Medium,6,0,Better,6,2,0,3,No,Excellent
E1002343,49,Male,Medical,Married,Sales,Sales Executive,Travel_Frequently,2,Bachelor,Very High,63,Medium,2,Medium,2,No,14,Very High,17,3,Good,9,6,0,8,No,Excellent
E1002346,34,Male,Medical,Married,Research & Development,Laboratory Technician,Travel_Rarely,8,Bachelor,Medium,82,Very High,2,High,2,No,12,Low,6,3,Best,4,3,1,2,No,Excellent
E100279,41,Female,Life Sciences,Single,Sales,Sales Executive,Travel_Rarely,1,College,Medium,94,High,2,Very High,8,Yes,11,Low,8,0,Bad,6,4,0,5,Yes,Good
E100285,27,Male,Medical,Married,Development,Developer,Travel_Rarely,2,Below College,Low,40,High,1,Medium,9,No,12,Very High,6,3,Better,2,2,2,2,No,Good
E100286,32,Male,Life Sciences,Single,Development,Senior Developer,Travel_Frequently,2,College,Very High,79,High,1,Very High,0,No,13,High,8,2,Good,7,7,3,6,No,Excellent
E100288,59,Female,Medical,Married,Development,Senior Developer,Travel_Rarely,3,Bachelor,High,81,Very High,1,Low,4,Yes,20,Low,12,3,Good,1,0,0,0,No,Outstanding
E100289,30,Male,Life Sciences,Divorced,Development,Senior Developer,Travel_Rarely,24,Below College,Very High,67,High,1,High,1,No,22,Medium,1,2,Better,1,0,0,0,No,Outstanding
E100291,36,Male,Medical,Married,Development,Senior Developer,Travel_Rarely,27,Bachelor,High,94,High,2,High,6,No,13,Medium,17,3,Good,7,7,7,7,No,Excellent
E100292,35,Male,Medical,Married,Development,Developer,Travel_Rarely,16,Bachelor,Low,84,Very High,1,Medium,0,No,13,High,6,5,Better,5,4,0,3,No,Excellent
E100294,31,Male,Life Sciences,Divorced,Development,Developer,Travel_Rarely,26,Below College,Low,31,High,1,High,1,No,17,Very High,5,1,Good,5,2,4,3,No,Good
E100296,34,Male,Medical,Divorced,Development,Senior Developer,Travel_Rarely,19,College,Medium,93,High,1,Very High,0,No,11,High,3,2,Better,2,2,1,2,No,Good
E100297,28,Male,Life Sciences,Single,Development,Developer,Travel_Rarely,24,Bachelor,High,50,Medium,1,High,5,Yes,14,Medium,6,4,Better,4,2,0,3,Yes,Excellent
E100298,29,Female,Life Sciences,Divorced,Development,Senior Developer,Travel_Rarely,21,Master,Medium,51,Very High,3,Low,1,No,11,High,10,1,Better,10,9,8,8,No,Good
E100300,22,Male,Medical,Divorced,Development,Senior Developer,Non-Travel,16,College,Very High,96,Very High,1,Very High,1,Yes,13,Medium,1,2,Good,1,0,0,0,No,Excellent
E100301,53,Female,Life Sciences,Married,Sales,Manager,Travel_Rarely,2,Master,Low,78,Medium,4,Very High,2,No,16,High,31,3,Better,25,8,3,7,No,Good
E100302,38,Male,Life Sciences,Single,Development,Developer,Travel_Rarely,2,Bachelor,Very High,45,High,1,Very High,5,Yes,11,High,6,3,Better,3,2,1,2,No,Excellent
E100304,24,Female,Other,Divorced,Development,Developer,Non-Travel,11,College,Low,96,Very High,2,High,0,No,18,Very High,5,5,Good,4,2,1,3,No,Excellent
E100306,34,Female,Life Sciences,Single,Development,Developer,Travel_Rarely,7,Master,Low,53,High,3,Medium,0,No,11,High,13,4,Better,12,6,2,11,No,Excellent
E100309,34,Male,Medical,Single,Development,Developer,Travel_Rarely,6,Below College,Medium,83,High,1,Low,2,No,11,High,8,2,Better,4,2,1,3,Yes,Excellent
E100310,53,Female,Other,Divorced,Development,Senior Developer,Travel_Rarely,5,Bachelor,High,58,High,5,High,4,No,11,Very High,26,3,Good,14,13,4,8,No,Excellent
E100311,32,Female,Life Sciences,Single,Development,Senior Developer,Travel_Frequently,16,Below College,Medium,72,Low,1,Low,1,Yes,22,Medium,10,5,Better,10,2,6,7,Yes,Excellent
E100313,42,Male,Marketing,Married,Sales,Sales Executive,Travel_Rarely,8,Master,High,48,High,2,Medium,0,No,11,Very High,10,2,Better,9,7,4,2,No,Excellent
E100314,44,Female,Medical,Married,Development,Developer,Travel_Rarely,7,Master,Low,42,Medium,3,Very High,3,No,14,Very High,24,4,Better,22,6,5,17,No,Excellent
E100316,46,Female,Marketing,Single,Sales,Manager,Travel_Rarely,2,Master,Medium,83,High,5,Low,3,No,12,Very High,22,2,Good,2,2,2,1,No,Good
E100317,33,Male,Medical,Single,Development,Developer,Travel_Rarely,2,Bachelor,High,78,High,1,Very High,4,No,11,Very High,7,3,Better,1,1,0,0,No,Excellent
E100318,44,Male,Other,Married,Development,Technical Architect,Travel_Rarely,10,Master,Very High,41,High,2,Very High,2,Yes,13,Very High,9,5,Best,4,2,1,3,No,Excellent
E100323,24,Male,Medical,Married,Development,Developer,Travel_Rarely,1,Bachelor,Medium,61,High,1,Very High,2,Yes,16,Low,6,2,Good,2,0,2,0,Yes,Excellent
E100324,43,Female,Medical,Divorced,Development,Technical Architect,Travel_Rarely,2,College,Very High,72,Very High,1,High,1,No,12,Very High,6,3,Good,5,3,1,4,No,Excellent
E100325,50,Male,Marketing,Married,Sales,Sales Representative,Travel_Rarely,3,College,Low,86,Medium,1,High,1,Yes,14,High,3,2,Better,3,2,0,2,Yes,Excellent
E100327,35,Female,Marketing,Married,Sales,Sales Representative,Travel_Rarely,2,Bachelor,Very High,97,High,1,Very High,1,No,13,Low,2,3,Better,2,2,2,2,No,Excellent
E100329,36,Female,Life Sciences,Married,Development,Developer,Travel_Rarely,5,Master,Medium,82,Medium,1,Low,9,Yes,14,Very High,6,3,Best,1,1,0,0,No,Excellent
E100330,33,Female,Life Sciences,Married,Sales,Sales Executive,Travel_Frequently,1,Bachelor,High,42,Very High,2,Low,2,No,19,Low,10,3,Better,5,3,1,3,No,Excellent
E100331,35,Male,Other,Divorced,Development,Developer,Travel_Rarely,4,College,High,75,High,1,Very High,1,No,12,High,1,3,Better,1,0,0,0,No,Excellent
E100332,27,Female,Life Sciences,Divorced,Development,Technical Architect,Travel_Rarely,2,Master,Very High,33,High,1,Low,1,No,13,Very High,1,6,Better,1,0,0,0,No,Excellent
E100333,26,Male,Life Sciences,Single,Development,Technical Architect,Travel_Rarely,25,Bachelor,Low,48,Low,1,High,1,No,12,High,1,2,Good,1,0,0,1,Yes,Excellent
E100334,27,Male,Life Sciences,Single,Sales,Sales Executive,Travel_Frequently,8,Bachelor,Very High,37,High,3,High,1,No,15,Very High,9,0,Better,9,8,1,7,No,Excellent
E100335,30,Female,Medical,Single,Development,Developer,Travel_Frequently,1,College,High,58,High,2,Very High,1,No,23,Very High,12,2,Better,12,8,3,7,No,Outstanding
E100338,34,Male,Marketing,Single,Sales,Sales Executive,Non-Travel,23,Master,Medium,72,High,2,High,0,No,20,High,10,2,Better,9,5,8,7,No,Good
E100339,37,Male,Life Sciences,Married,Development,Developer,Travel_Rarely,19,College,Medium,73,High,1,Medium,4,No,21,Low,8,1,Better,1,0,0,0,No,Outstanding
E100340,46,Male,Marketing,Single,Sales,Sales Executive,Travel_Frequently,5,Master,Low,98,High,2,Very High,4,Yes,21,High,14,4,Better,9,6,0,8,No,Excellent
E100341,35,Male,Life Sciences,Married,Development,Technical Architect,Travel_Rarely,8,Below College,Very High,36,Very High,1,Very High,1,No,19,Very High,1,2,Better,1,0,0,1,No,Excellent
E100342,48,Male,Life Sciences,Single,Development,Developer,Travel_Rarely,1,College,Low,98,Medium,3,High,9,Yes,13,Very High,23,2,Better,1,0,0,0,Yes,Excellent
E100343,28,Male,Technical Degree,Single,Development,Technical Architect,Travel_Rarely,5,Master,High,50,High,1,High,1,Yes,13,High,2,3,Good,2,2,2,2,Yes,Excellent
E100346,44,Female,Marketing,Divorced,Sales,Sales Executive,Travel_Rarely,1,Doctor,Medium,75,High,2,Low,5,Yes,21,High,9,2,Good,4,3,1,3,No,Good
E100348,35,Male,Medical,Married,Development,Technical Architect,Non-Travel,11,College,High,79,Medium,3,Low,2,Yes,13,High,10,3,Better,4,0,2,3,No,Excellent
E100350,26,Female,Marketing,Married,Sales,Sales Executive,Travel_Rarely,23,Bachelor,High,47,Medium,2,Very High,7,Yes,19,High,5,2,Good,2,2,0,0,No,Excellent
E100351,33,Female,Life Sciences,Single,Development,Developer,Travel_Frequently,1,College,Low,98,High,3,Very High,1,Yes,12,High,15,1,Better,15,14,8,12,No,Good
E100352,35,Male,Life Sciences,Married,Sales,Sales Executive,Travel_Frequently,18,Doctor,Medium,71,High,3,Low,1,No,22,Very High,9,3,Good,9,8,1,8,No,Good
E100353,35,Female,Medical,Married,Development,Business Analyst,Travel_Rarely,23,Master,High,30,High,1,Low,3,Yes,15,High,4,3,Better,2,2,2,2,No,Excellent
E100354,31,Male,Life Sciences,Divorced,Development,Developer,Travel_Rarely,7,Master,Very High,48,High,2,Very High,3,No,22,Very High,10,3,Good,7,7,1,7,No,Outstanding
E100355,37,Male,Life Sciences,Divorced,Development,Business Analyst,Travel_Rarely,1,Master,Low,51,Medium,2,High,1,No,18,High,7,2,Best,7,5,0,7,No,Excellent
E100356,32,Male,Medical,Married,Development,Developer,Travel_Rarely,1,Bachelor,Low,33,High,2,Very High,1,Yes,22,Medium,9,3,Better,9,8,7,8,No,Excellent
E100357,38,Female,Life Sciences,Single,Development,Developer,Travel_Frequently,29,Doctor,Very High,50,High,2,Very High,1,No,11,Very High,10,2,Better,10,3,9,9,No,Excellent
E100358,50,Female,Medical,Divorced,Development,Developer,Travel_Rarely,7,College,Medium,43,Medium,5,High,5,Yes,12,Very High,29,2,Good,27,3,13,8,No,Excellent
E100359,59,Female,Life Sciences,Single,Sales,Sales Executive,Travel_Rarely,25,Bachelor,Low,99,High,3,Low,7,No,11,Very High,28,3,Good,21,16,7,9,No,Good
E100361,36,Female,Technical Degree,Divorced,Development,Business Analyst,Travel_Rarely,8,Bachelor,High,59,High,3,High,1,No,13,Medium,17,2,Better,17,14,12,8,No,Excellent
E100363,36,Male,Life Sciences,Single,Development,Business Analyst,Travel_Frequently,11,Bachelor,Medium,95,Medium,2,Medium,1,No,13,High,6,3,Better,6,5,0,3,No,Outstanding
E100364,45,Male,Life Sciences,Divorced,Development,Business Analyst,Travel_Rarely,7,Bachelor,Medium,59,High,3,Low,2,No,17,High,25,2,Better,1,0,0,0,No,Excellent
E100366,35,Male,Medical,Married,Development,Developer,Travel_Frequently,1,Bachelor,Medium,79,High,1,Low,4,No,13,Very High,5,2,Good,3,2,1,2,No,Excellent
E100368,36,Male,Medical,Married,Development,Developer,Travel_Rarely,9,Bachelor,Very High,79,Medium,1,High,0,Yes,17,Low,2,0,Good,1,0,0,0,Yes,Excellent
E100372,29,Male,Life Sciences,Married,Development,Business Analyst,Travel_Rarely,2,Bachelor,High,76,High,1,Medium,0,No,23,Very High,6,3,Better,5,4,0,4,No,Outstanding
E100373,31,Male,Medical,Single,Development,Business Analyst,Travel_Rarely,1,Master,High,87,High,1,Medium,1,No,17,Medium,1,4,Better,1,1,1,0,No,Excellent
E100374,32,Male,Life Sciences,Married,Development,Developer,Travel_Rarely,1,Bachelor,Medium,66,High,2,Medium,1,No,17,Medium,10,3,Better,10,4,0,9,No,Excellent
E100375,36,Female,Life Sciences,Married,Development,Developer,Travel_Rarely,6,Bachelor,Medium,55,Very High,1,Very High,3,No,12,Medium,5,3,Better,1,0,0,0,No,Excellent
E100376,31,Female,Life Sciences,Single,Development,Developer,Travel_Rarely,8,Master,High,61,High,2,Very High,1,No,23,Very High,11,2,Better,11,7,1,8,No,Outstanding
E100378,35,Male,Marketing,Single,Sales,Sales Executive,Travel_Rarely,1,Master,High,32,Medium,2,Low,0,No,14,Medium,16,2,Better,15,13,2,8,No,Excellent
E100381,46,Male,Medical,Divorced,Human Resources,Human Resources,Travel_Rarely,5,College,Medium,80,High,2,Medium,8,Yes,22,Very High,16,2,Better,4,2,0,2,No,Excellent
E100382,30,Male,Life Sciences,Married,Development,Developer,Travel_Rarely,1,Below College,Very High,55,Medium,2,Very High,1,Yes,12,High,10,1,Good,10,8,3,0,No,Excellent
E100383,35,Male,Medical,Single,Development,Business Analyst,Travel_Rarely,1,Bachelor,Medium,30,Medium,1,High,1,No,18,Low,6,3,Better,6,4,0,4,No,Excellent
E100384,55,Male,Life Sciences,Married,Sales,Sales Executive,Travel_Rarely,1,College,Low,70,High,3,Very High,3,No,14,Very High,24,4,Better,1,0,1,0,No,Excellent
E100385,38,Female,Medical,Divorced,Development,Developer,Non-Travel,6,Bachelor,Medium,79,Low,2,Very High,7,Yes,12,Very High,17,3,Better,13,11,1,9,No,Excellent
E100388,34,Male,Medical,Married,Development,Business Analyst,Travel_Rarely,1,College,Low,94,High,2,Medium,1,No,15,High,5,2,Better,5,2,1,3,No,Excellent
E100391,23,Male,Technical Degree,Divorced,Sales,Sales Representative,Travel_Rarely,2,Below College,High,62,High,1,Low,3,No,13,High,3,3,Better,0,0,0,0,No,Excellent
E100395,30,Male,Life Sciences,Married,Development,Developer,Travel_Rarely,2,Bachelor,High,99,Medium,2,Very High,1,No,19,Low,11,3,Better,11,10,10,8,No,Excellent
E100396,46,Male,Medical,Single,Sales,Sales Executive,Travel_Rarely,9,College,High,64,Medium,3,Very High,1,No,16,Very High,9,3,Better,9,8,4,7,Yes,Excellent
E100397,40,Male,Life Sciences,Married,Development,Developer,Travel_Frequently,1,Master,High,78,Medium,4,Medium,1,No,22,Very High,22,3,Good,22,3,11,11,No,Outstanding
E100398,51,Male,Marketing,Single,Sales,Sales Executive,Travel_Rarely,21,Master,High,71,High,2,Very High,0,Yes,22,Very High,11,2,Bad,10,7,1,0,No,Excellent
E100399,30,Female,Medical,Divorced,Sales,Sales Executive,Travel_Rarely,4,College,High,63,Medium,2,Medium,1,Yes,12,Medium,11,4,Good,11,8,2,7,No,Excellent
E100402,46,Male,Medical,Married,Development,Developer,Travel_Frequently,1,Bachelor,High,40,Medium,3,Low,2,Yes,13,High,21,5,Good,10,9,9,5,No,Excellent
E100403,32,Male,Medical,Single,Sales,Sales Executive,Travel_Rarely,6,Master,Medium,87,High,2,High,1,No,16,Low,12,0,Better,11,8,5,7,No,Good
E100406,24,Female,Other,Married,Sales,Sales Executive,Travel_Rarely,3,College,Low,33,High,2,High,0,No,21,Low,4,2,Good,3,2,0,2,No,Excellent
E100407,28,Male,Medical,Married,Sales,Sales Executive,Non-Travel,4,Bachelor,Medium,43,High,2,High,1,No,15,Medium,5,3,Best,5,4,0,4,No,Outstanding
E100409,58,Male,Medical,Single,Sales,Sales Executive,Travel_Rarely,10,Master,Very High,37,High,4,High,0,No,13,High,38,1,Good,37,10,1,8,No,Excellent
E100410,44,Male,Medical,Married,Development,Developer,Non-Travel,23,Bachelor,Medium,67,High,2,Medium,4,No,12,High,17,3,Best,3,2,1,2,No,Excellent
E100411,37,Male,Human Resources,Divorced,Human Resources,Human Resources,Travel_Rarely,6,Master,High,63,High,1,Low,4,Yes,22,Very High,7,3,Better,3,2,0,2,Yes,Outstanding
E100412,32,Male,Life Sciences,Single,Development,Developer,Travel_Rarely,1,Below College,Very High,71,High,1,Low,1,No,13,Very High,1,2,Better,1,0,0,0,No,Excellent
E100416,34,Female,Other,Single,Development,Developer,Travel_Rarely,6,Master,Low,41,High,2,High,1,No,14,High,16,3,Better,16,13,2,10,No,Excellent
E100417,37,Male,Life Sciences,Divorced,Development,Business Analyst,Non-Travel,2,College,High,100,Medium,2,Very High,5,No,14,Very High,17,2,Best,1,0,0,0,No,Excellent
E100419,50,Female,Life Sciences,Married,Development,Business Analyst,Travel_Frequently,1,Bachelor,Low,73,High,5,Medium,3,Yes,19,Low,28,1,Good,8,3,0,7,No,Excellent
E100420,25,Male,Marketing,Single,Sales,Sales Executive,Travel_Rarely,5,Bachelor,High,46,Medium,2,High,1,Yes,11,Very High,6,1,Better,6,4,0,3,Yes,Excellent
E100421,25,Male,Medical,Married,Development,Business Analyst,Travel_Rarely,7,Below College,Very High,64,Medium,1,Very High,1,No,11,High,2,2,Better,2,2,2,1,No,Excellent
E100422,22,Female,Medical,Single,Development,Developer,Travel_Rarely,15,Bachelor,Medium,59,High,1,Very High,1,No,15,High,1,5,Better,0,0,0,0,No,Excellent
E100425,34,Male,Life Sciences,Single,Development,Developer,Travel_Frequently,7,Bachelor,Low,66,Low,2,High,1,Yes,24,Very High,9,3,Better,9,7,0,6,Yes,Outstanding
E100426,54,Female,Human Resources,Single,Human Resources,Manager,Non-Travel,26,Bachelor,Very High,30,Very High,4,Very High,2,Yes,12,High,23,3,Better,5,3,4,4,No,Excellent
E100428,24,Male,Life Sciences,Married,Development,Business Analyst,Travel_Rarely,18,Below College,Medium,52,High,1,High,0,No,12,High,6,2,Better,5,3,1,2,No,Excellent
E100429,34,Female,Life Sciences,Divorced,Development,Business Analyst,Travel_Rarely,6,Master,High,45,Medium,2,Medium,6,No,15,High,12,3,Better,1,0,0,0,No,Excellent
E100430,37,Male,Life Sciences,Single,Sales,Sales Executive,Travel_Rarely,3,Bachelor,High,87,High,3,Very High,2,No,12,Low,12,3,Better,5,3,1,3,No,Excellent
E100431,34,Female,Medical,Single,Development,Business Analyst,Travel_Rarely,5,Bachelor,High,45,Medium,3,Low,2,No,12,Very High,14,6,Better,11,10,5,8,No,Excellent
E100433,36,Female,Life Sciences,Divorced,Development,Developer,Travel_Rarely,3,College,Low,39,High,1,Very High,5,No,22,Low,7,2,Better,1,0,0,0,No,Outstanding
E100436,43,Male,Life Sciences,Married,Sales,Manager,Travel_Frequently,26,College,High,92,High,4,Very High,1,Yes,12,Very High,25,3,Best,25,12,4,12,No,Excellent
E100438,33,Male,Marketing,Married,Sales,Sales Executive,Non-Travel,22,College,High,95,High,2,Medium,0,No,13,Low,8,2,Best,7,7,0,7,No,Excellent
E100440,51,Male,Life Sciences,Single,Development,Developer,Travel_Rarely,6,Bachelor,Low,51,High,5,High,7,No,13,High,23,5,Better,20,18,15,15,No,Excellent
E100441,31,Male,Life Sciences,Married,Sales,Sales Executive,Travel_Rarely,6,Master,Medium,76,Low,2,High,4,Yes,18,Medium,12,3,Good,7,7,7,7,Yes,Good
E100442,26,Female,Other,Married,Development,Developer,Travel_Rarely,6,Bachelor,High,46,Medium,1,Medium,1,No,19,High,5,3,Good,5,4,4,3,No,Excellent
E100443,58,Female,Medical,Married,Development,Developer,Travel_Rarely,23,Master,Very High,94,High,3,Very High,1,No,12,Very High,40,3,Good,40,10,15,6,Yes,Excellent
E100445,19,Male,Marketing,Single,Sales,Sales Representative,Travel_Rarely,22,Below College,Very High,50,High,1,High,1,Yes,19,Very High,0,2,Good,0,0,0,0,Yes,Excellent
E100447,22,Male,Technical Degree,Married,Development,Developer,Travel_Rarely,2,Below College,High,100,High,1,Very High,0,No,14,High,3,2,Better,2,1,2,1,No,Excellent
E100448,49,Female,Medical,Married,Development,Developer,Travel_Rarely,20,Master,High,96,High,2,Low,1,No,14,High,16,2,Good,15,11,5,11,No,Excellent
E100449,43,Female,Medical,Single,Development,Developer,Travel_Frequently,28,Bachelor,Medium,72,Very High,1,High,4,No,12,Very High,18,2,Better,3,2,1,2,No,Excellent
E100452,50,Female,Marketing,Single,Sales,Sales Executive,Travel_Frequently,12,Bachelor,High,77,High,3,Very High,4,No,11,Very High,16,3,Better,2,2,2,1,No,Excellent
E100453,31,Female,Life Sciences,Married,Sales,Sales Executive,Travel_Rarely,20,Bachelor,Medium,71,Low,2,High,3,Yes,11,High,4,2,Better,2,2,2,2,Yes,Good
E100454,41,Male,Life Sciences,Divorced,Sales,Sales Executive,Travel_Rarely,9,Below College,High,96,High,3,High,3,Yes,13,High,12,2,Better,9,7,0,7,No,Excellent
E100455,26,Female,Life Sciences,Married,Human Resources,Human Resources,Travel_Rarely,25,Below College,High,61,High,1,High,1,No,23,Very High,8,3,Better,8,7,5,7,No,Outstanding
E100456,36,Male,Medical,Divorced,Development,Developer,Travel_Rarely,6,College,Medium,84,High,2,Medium,6,No,20,Very High,7,0,Better,3,2,0,1,No,Excellent
E100457,51,Male,Life Sciences,Single,Development,Business Analyst,Travel_Frequently,8,Master,Low,53,Low,3,Very High,2,No,15,Very High,18,2,Better,4,2,0,3,Yes,Outstanding
E100461,25,Male,Life Sciences,Married,Sales,Sales Executive,Travel_Rarely,28,Bachelor,Low,41,Medium,2,High,2,No,18,Very High,6,3,Better,2,2,2,2,No,Good
E100462,30,Male,Human Resources,Married,Human Resources,Human Resources,Travel_Rarely,9,Bachelor,High,48,High,2,Very High,0,Yes,19,Very High,12,2,Bad,11,9,4,7,No,Excellent
E100470,45,Male,Medical,Single,Development,Technical Lead,Travel_Rarely,29,Bachelor,High,83,High,1,Very High,5,No,13,Medium,9,2,Good,6,5,0,3,No,Excellent
E100471,38,Female,Technical Degree,Single,Development,Developer,Travel_Rarely,3,Doctor,Very High,32,High,2,High,3,Yes,20,Medium,19,2,Better,3,2,2,2,No,Outstanding
E100472,30,Female,Life Sciences,Single,Development,Developer,Travel_Rarely,18,Bachelor,Low,75,High,1,High,1,No,14,High,5,4,Good,5,4,0,4,No,Excellent
E100475,30,Female,Technical Degree,Divorced,Development,Developer,Travel_Rarely,5,Bachelor,Very High,84,High,1,Low,5,No,14,Very High,8,3,Better,3,2,2,2,No,Excellent
E100478,41,Male,Life Sciences,Married,Development,Developer,Travel_Rarely,9,Master,High,94,High,1,Low,2,No,21,Very High,7,2,Better,5,0,1,4,No,Outstanding
E100479,19,Female,Medical,Single,Development,Technical Lead,Travel_Rarely,3,Below College,Medium,79,High,1,Medium,1,No,14,Very High,1,3,Better,1,0,0,0,No,Excellent
E100482,35,Male,Marketing,Married,Sales,Sales Executive,Travel_Rarely,1,Doctor,High,94,High,3,Medium,1,No,13,Low,10,3,Better,10,8,0,6,No,Excellent
E100483,53,Male,Marketing,Married,Sales,Sales Representative,Travel_Rarely,6,College,Medium,34,High,2,High,2,Yes,20,Very High,13,3,Bad,7,7,4,5,No,Good
E100484,45,Male,Life Sciences,Divorced,Development,Developer,Travel_Rarely,9,Bachelor,Medium,60,High,2,Medium,8,No,18,High,20,2,Bad,17,9,0,15,No,Excellent
E100485,32,Female,Marketing,Single,Sales,Sales Executive,Travel_Frequently,8,Bachelor,Medium,43,High,3,Very High,1,No,14,Very High,9,2,Better,9,8,3,7,No,Good
E100486,29,Male,Technical Degree,Married,Development,Technical Lead,Non-Travel,1,Below College,Very High,41,High,2,High,1,No,13,Low,10,1,Better,10,7,0,9,No,Excellent
E100492,58,Female,Medical,Married,Development,Technical Lead,Travel_Rarely,9,Bachelor,Medium,75,Medium,1,Medium,4,Yes,20,Medium,9,3,Good,1,0,0,0,No,Outstanding
E100493,40,Male,Marketing,Married,Sales,Sales Executive,Travel_Rarely,4,Master,High,67,Medium,3,Very High,7,No,11,Low,15,2,Good,12,11,2,11,No,Excellent
E100494,34,Female,Marketing,Married,Sales,Sales Representative,Travel_Frequently,2,Master,High,75,High,1,High,6,No,18,Very High,6,3,Better,4,3,1,2,No,Excellent
E100496,27,Male,Medical,Divorced,Development,Developer,Non-Travel,9,Bachelor,Very High,57,High,1,Medium,6,No,18,Very High,6,1,Bad,2,2,2,2,No,Excellent
E100499,28,Male,Medical,Married,Development,Developer,Travel_Rarely,21,Bachelor,High,42,High,1,Very High,1,No,11,High,5,2,Bad,5,2,0,2,No,Excellent
E100501,57,Male,Life Sciences,Divorced,Development,Developer,Travel_Rarely,24,College,High,83,Very High,3,Very High,3,Yes,16,Medium,12,2,Bad,5,3,1,4,No,Excellent
E100502,27,Male,Medical,Divorced,Development,Technical Lead,Non-Travel,3,Bachelor,High,79,Medium,1,High,1,Yes,15,Very High,1,2,Good,1,1,0,1,No,Excellent
E100504,50,Female,Life Sciences,Single,Development,Technical Lead,Travel_Rarely,11,Bachelor,High,53,High,5,Medium,3,No,15,Medium,21,5,Better,5,4,4,4,No,Excellent
E100505,41,Male,Life Sciences,Divorced,Development,Developer,Travel_Rarely,14,Bachelor,Low,56,High,1,High,4,No,12,Low,13,2,Better,9,8,1,8,No,Excellent
E100506,30,Female,Life Sciences,Married,Sales,Sales Executive,Travel_Rarely,5,Bachelor,Medium,41,High,3,Very High,2,No,12,High,12,2,Better,10,9,7,4,No,Good
E100508,38,Female,Life Sciences,Single,Sales,Sales Executive,Travel_Rarely,1,Master,Low,59,Medium,2,Very High,4,No,22,High,12,2,Best,8,3,0,7,No,Outstanding
E100509,32,Male,Life Sciences,Single,Development,Developer,Travel_Rarely,6,Doctor,High,43,High,1,High,3,No,20,Low,8,2,Better,5,4,1,4,No,Outstanding
E100511,27,Male,Technical Degree,Married,Development,Technical Lead,Travel_Rarely,17,Bachelor,High,51,High,1,Medium,0,Yes,16,Very High,6,3,Good,5,2,1,1,No,Excellent
E100513,19,Female,Technical Degree,Single,Sales,Sales Representative,Travel_Frequently,1,Below College,High,100,Low,1,Low,0,No,21,Low,1,5,Best,0,0,0,0,Yes,Outstanding
E100516,36,Male,Medical,Single,Development,Technical Lead,Travel_Frequently,3,College,Very High,30,High,1,Medium,4,No,12,High,13,3,Good,8,7,7,2,No,Excellent
E100517,30,Male,Medical,Divorced,Development,Developer,Non-Travel,9,Bachelor,High,66,High,2,Low,1,No,11,High,12,4,Better,12,9,6,10,No,Excellent
E100518,45,Female,Life Sciences,Divorced,Sales,Sales Executive,Travel_Rarely,4,College,High,30,High,2,Low,4,Yes,11,Low,9,3,Best,5,4,0,3,No,Excellent
E100519,56,Female,Life Sciences,Divorced,Development,Developer,Travel_Rarely,8,Bachelor,High,67,High,1,Low,4,Yes,18,High,19,3,Better,2,2,2,2,No,Excellent
E100520,33,Male,Life Sciences,Single,Development,Developer,Travel_Rarely,2,Bachelor,High,90,High,1,Very High,0,No,14,Low,4,2,Best,3,1,0,2,No,Excellent
E100521,19,Male,Life Sciences,Single,Development,Developer,Travel_Rarely,2,Bachelor,Medium,47,Medium,1,Very High,1,No,22,High,1,3,Good,1,0,1,0,Yes,Outstanding
E100522,46,Female,Marketing,Divorced,Sales,Sales Executive,Travel_Rarely,1,College,Medium,92,High,3,Low,1,No,25,High,24,2,Better,24,13,15,7,No,Good
E100523,38,Female,Life Sciences,Single,Development,Technical Lead,Travel_Rarely,9,College,High,75,High,1,Very High,1,No,12,High,2,3,Better,2,2,2,1,No,Excellent
E100525,34,Female,Medical,Single,Development,Developer,Travel_Rarely,27,College,Very High,95,High,1,Medium,2,No,15,Very High,9,3,Better,3,2,1,2,No,Excellent
E100526,41,Female,Marketing,Single,Sales,Sales Representative,Travel_Rarely,20,College,Medium,70,High,1,Medium,1,Yes,22,Very High,4,5,Good,4,3,0,2,Yes,Excellent
E100527,50,Male,Medical,Married,Development,Developer,Travel_Rarely,1,Bachelor,High,86,Medium,1,High,2,No,15,Very High,5,2,Good,3,2,0,2,No,Excellent
E100528,53,Female,Medical,Divorced,Development,Technical Lead,Travel_Rarely,13,College,Very High,57,Very High,2,Low,1,No,11,High,5,3,Better,4,2,1,3,No,Excellent
E100530,33,Female,Medical,Married,Development,Developer,Travel_Rarely,14,Bachelor,Very High,72,High,1,Medium,1,No,13,Very High,8,5,Better,8,7,1,6,No,Excellent
E100531,40,Female,Medical,Married,Development,Developer,Travel_Rarely,4,Below College,Very High,46,High,5,High,1,No,14,Medium,21,2,Better,20,8,9,9,No,Excellent
E100534,34,Male,Life Sciences,Married,Development,Technical Lead,Travel_Frequently,2,Below College,Very High,45,Medium,2,High,1,No,17,High,10,2,Good,10,9,1,9,No,Excellent
E100536,51,Female,Medical,Single,Development,Developer,Travel_Rarely,3,Bachelor,Very High,98,High,4,Medium,3,No,18,High,21,6,Better,7,7,1,0,No,Excellent
E100537,52,Male,Life Sciences,Married,Development,Developer,Travel_Rarely,1,Master,High,65,Medium,5,High,0,No,14,Low,34,5,Better,33,18,11,9,No,Excellent
E100538,27,Female,Medical,Single,Development,Developer,Travel_Rarely,9,Bachelor,Very High,99,High,1,Medium,1,No,16,Very High,7,2,Good,7,7,0,3,No,Excellent
E100539,35,Male,Life Sciences,Married,Development,Developer,Travel_Rarely,23,College,Medium,50,Medium,2,High,3,Yes,13,Low,8,1,Better,1,0,0,1,Yes,Excellent
E100540,43,Male,Medical,Divorced,Development,Technical Lead,Non-Travel,7,Bachelor,Very High,37,Very High,1,Very High,4,No,14,Very High,7,3,Best,5,4,2,2,No,Excellent
E100542,45,Male,Medical,Married,Development,Technical Lead,Non-Travel,2,College,Low,65,Medium,4,Very High,9,No,23,Very High,22,1,Better,20,8,11,8,No,Excellent
E100545,37,Male,Life Sciences,Married,Development,Developer,Travel_Rarely,21,Bachelor,Medium,65,Very High,1,Low,1,Yes,12,Low,8,3,Good,8,7,1,7,No,Excellent
E100547,35,Female,Medical,Single,Development,Developer,Travel_Frequently,2,Bachelor,Medium,37,High,2,Medium,5,No,11,Very High,10,5,Better,6,2,1,2,No,Excellent
E100548,42,Female,Medical,Divorced,Development,Developer,Non-Travel,21,College,High,36,High,2,High,2,No,16,Medium,11,5,Better,5,3,0,2,No,Excellent
E100549,38,Male,Life Sciences,Married,Development,Technical Lead,Travel_Rarely,2,Master,Very High,88,High,2,High,9,No,14,Medium,14,3,Better,1,0,0,0,No,Excellent
E100551,38,Male,Technical Degree,Married,Development,Technical Lead,Travel_Rarely,29,Bachelor,Very High,54,High,2,Very High,3,No,18,Low,9,3,Bad,7,7,1,7,No,Excellent
E100552,27,Male,Technical Degree,Married,Development,Developer,Travel_Frequently,1,Below College,High,60,Medium,2,Low,5,No,19,High,6,1,Better,2,2,2,0,No,Excellent
E100553,49,Male,Life Sciences,Divorced,Development,Technical Lead,Non-Travel,18,Master,Very High,92,High,2,Very High,1,Yes,15,Low,7,0,Better,7,7,1,7,No,Excellent
E100555,34,Male,Medical,Divorced,Development,Developer,Travel_Frequently,10,Master,Very High,43,High,1,High,1,Yes,17,Very High,5,4,Best,5,3,2,0,No,Excellent
E100559,40,Male,Medical,Married,Development,Developer,Travel_Rarely,19,College,High,99,High,2,Very High,8,Yes,15,High,15,2,Best,7,2,3,7,No,Excellent
E100560,38,Male,Medical,Married,Development,Technical Lead,Travel_Rarely,29,Below College,Medium,70,High,2,Low,7,Yes,19,Medium,17,2,Better,1,0,0,0,Yes,Excellent
E100561,29,Female,Marketing,Married,Sales,Sales Executive,Travel_Rarely,27,Bachelor,Medium,35,High,3,Very High,1,No,22,Very High,10,3,Good,10,4,1,9,Yes,Good
E100562,22,Male,Life Sciences,Divorced,Development,Technical Lead,Travel_Rarely,5,Bachelor,Very High,60,Very High,1,Medium,1,Yes,16,Low,4,2,Good,4,2,2,2,No,Excellent
E100564,36,Female,Medical,Single,Development,Developer,Travel_Frequently,18,Below College,Medium,73,High,1,Very High,1,No,13,Low,8,2,Better,8,1,1,7,No,Excellent
E100565,40,Male,Life Sciences,Married,Development,Technical Lead,Non-Travel,9,Doctor,Very High,63,Medium,2,Very High,9,No,14,Very High,5,5,Bad,3,2,0,2,No,Excellent
E100569,32,Male,Medical,Married,Sales,Sales Executive,Travel_Rarely,4,Master,Very High,32,Low,3,Very High,1,No,11,High,14,2,Good,14,8,9,8,Yes,Excellent
E100571,27,Female,Life Sciences,Single,Sales,Sales Executive,Travel_Frequently,20,Bachelor,Very High,90,High,2,High,1,No,14,Very High,7,2,Better,7,7,0,7,No,Excellent
E100574,51,Male,Life Sciences,Married,Data Science,Data Scientist,Travel_Rarely,8,Master,Medium,81,Medium,3,Medium,5,No,16,Very High,16,5,Bad,10,9,4,7,No,Excellent
E100576,41,Female,Life Sciences,Single,Sales,Manager,Travel_Rarely,6,Bachelor,Very High,75,High,3,Very High,3,Yes,18,High,16,3,Better,1,0,0,0,No,Excellent
E100577,30,Female,Marketing,Single,Sales,Sales Executive,Travel_Frequently,26,Master,High,52,Medium,2,Low,5,No,15,High,9,5,Good,6,3,0,1,Yes,Excellent
E100578,29,Male,Technical Degree,Single,Development,Developer,Travel_Rarely,1,Bachelor,High,85,High,1,High,0,No,14,Very High,7,1,Good,6,2,1,5,Yes,Excellent
E100580,45,Female,Medical,Single,Sales,Sales Executive,Non-Travel,6,Bachelor,Very High,57,Medium,3,Very High,6,No,12,Very High,23,2,Better,19,7,12,8,No,Excellent
E100581,54,Female,Marketing,Married,Sales,Sales Executive,Travel_Rarely,3,Bachelor,Very High,52,High,2,Low,2,No,14,Very High,16,4,Better,6,2,0,5,No,Excellent
E100582,36,Male,Life Sciences,Single,Development,Technical Lead,Travel_Rarely,5,College,Very High,62,High,2,Medium,8,No,16,Very High,16,3,Best,13,11,3,7,No,Excellent
E100584,37,Male,Other,Divorced,Development,Developer,Travel_Frequently,11,Bachelor,Medium,47,High,3,Very High,1,Yes,14,High,10,1,Better,10,8,0,7,No,Excellent
E100586,31,Male,Medical,Married,Development,Developer,Non-Travel,1,Master,High,90,Low,2,High,0,No,12,Very High,6,2,Better,5,4,1,4,No,Excellent
E100589,37,Male,Marketing,Divorced,Sales,Sales Representative,Travel_Frequently,4,Master,Low,41,High,1,Very High,4,No,17,High,13,2,Better,9,8,5,8,No,Good
E100590,29,Female,Medical,Married,Sales,Sales Executive,Travel_Frequently,1,Below College,Medium,42,High,3,Very High,1,No,14,Very High,11,5,Better,11,10,4,1,No,Good
E100592,35,Female,Marketing,Single,Sales,Sales Executive,Travel_Frequently,1,Bachelor,High,92,High,3,High,1,No,14,Low,10,3,Best,10,7,0,8,No,Outstanding
E100593,29,Male,Medical,Single,Development,Developer,Travel_Rarely,18,Below College,High,86,Medium,1,Very High,1,Yes,13,High,4,3,Good,4,3,0,1,Yes,Excellent
E100594,52,Female,Life Sciences,Single,Development,Technical Lead,Travel_Rarely,2,Bachelor,High,89,Medium,1,Very High,7,No,15,Medium,6,3,Good,2,2,2,2,No,Excellent
E100597,42,Male,Technical Degree,Married,Development,Developer,Travel_Rarely,4,College,High,58,High,5,Very High,1,No,11,Very High,22,3,Better,22,17,11,15,No,Excellent
E100599,59,Male,Medical,Married,Human Resources,Human Resources,Travel_Rarely,6,College,Medium,52,High,1,High,8,No,17,Very High,7,2,Good,2,2,2,2,No,Good
E100601,50,Female,Medical,Divorced,Sales,Manager,Travel_Rarely,1,Master,Very High,68,High,5,Very High,3,No,11,High,32,3,Good,7,0,0,6,No,Excellent
E100603,33,Male,Medical,Married,Development,Developer,Travel_Rarely,14,Bachelor,High,58,High,1,Very High,5,Yes,13,High,8,2,Bad,5,4,0,4,Yes,Excellent
E100605,43,Female,Marketing,Married,Sales,Manager,Travel_Rarely,16,Bachelor,Very High,80,High,4,Very High,5,Yes,22,High,22,3,Better,17,13,1,9,No,Outstanding
E100606,33,Female,Life Sciences,Married,Development,Developer,Travel_Rarely,2,College,Low,39,High,1,Low,7,No,20,Low,13,3,Best,9,7,1,7,Yes,Excellent
E100607,52,Male,Life Sciences,Single,Sales,Manager,Non-Travel,2,Master,Low,79,Medium,5,High,1,Yes,18,Very High,33,2,Best,33,7,15,12,No,Good
E100609,32,Male,Life Sciences,Single,Development,Developer,Travel_Rarely,1,Bachelor,Very High,62,Medium,1,High,0,Yes,14,Very High,4,2,Bad,3,2,1,2,Yes,Excellent
E100610,39,Female,Medical,Divorced,Data Science,Data Scientist,Travel_Rarely,1,Master,High,96,High,1,High,7,No,14,High,7,1,Better,3,2,1,2,No,Excellent
E100611,32,Male,Marketing,Married,Sales,Sales Executive,Non-Travel,26,Master,High,100,High,2,Very High,0,No,18,Low,4,2,Better,3,2,2,2,No,Excellent
E100612,41,Male,Life Sciences,Divorced,Data Science,Data Scientist,Travel_Rarely,19,College,High,36,High,2,Low,2,No,16,Low,17,2,Good,1,0,0,0,No,Excellent
E100615,31,Male,Medical,Divorced,Development,Technical Lead,Travel_Frequently,3,Master,Medium,73,High,3,High,9,No,12,Low,9,3,Better,2,2,2,2,No,Good
E100616,33,Female,Life Sciences,Married,Development,Developer,Travel_Rarely,5,Master,High,63,Medium,1,Very High,1,No,13,High,2,2,Good,2,2,0,2,No,Excellent
E100617,34,Male,Life Sciences,Married,Development,Developer,Travel_Rarely,2,Master,Very High,84,Medium,2,Low,6,No,13,Medium,13,3,Better,11,9,5,9,No,Excellent
E100618,37,Female,Medical,Married,Development,Technical Lead,Travel_Rarely,1,College,High,83,Medium,1,Low,2,No,14,Low,17,2,Good,3,1,0,2,No,Excellent
E100619,45,Male,Life Sciences,Married,Development,Technical Lead,Travel_Frequently,7,Master,Low,77,Very High,2,High,4,No,17,Very High,9,1,Better,3,2,0,2,No,Outstanding
E100620,37,Male,Medical,Divorced,Development,Developer,Travel_Frequently,10,Bachelor,Low,61,High,3,High,6,No,11,Medium,17,5,Better,1,0,0,0,Yes,Excellent
E100621,39,Female,Technical Degree,Single,Development,Developer,Travel_Frequently,2,Master,High,64,High,3,High,0,No,25,Very High,20,1,Better,19,6,11,8,No,Outstanding
E100625,42,Female,Life Sciences,Single,Development,Developer,Travel_Rarely,17,College,Very High,82,Very High,2,Low,3,Yes,13,High,10,1,Better,3,2,0,2,No,Excellent
E100627,29,Male,Marketing,Divorced,Sales,Sales Executive,Travel_Rarely,20,College,Very High,45,High,2,Very High,2,No,14,Very High,10,2,Better,3,2,0,2,No,Excellent
E100628,25,Female,Life Sciences,Married,Development,Developer,Travel_Rarely,1,Bachelor,Low,62,High,2,High,0,No,12,Very High,5,3,Better,4,2,1,2,No,Excellent
E100629,42,Female,Medical,Divorced,Development,Developer,Travel_Rarely,2,Bachelor,Very High,56,Medium,1,Low,0,Yes,11,High,10,4,Better,9,6,7,8,No,Excellent
E100630,40,Male,Medical,Divorced,Data Science,Data Scientist,Travel_Rarely,2,College,Low,49,High,5,High,0,No,19,Very High,22,5,Better,21,7,3,9,No,Good
E100631,51,Male,Life Sciences,Married,Development,Developer,Travel_Rarely,1,Bachelor,High,96,High,1,Very High,1,No,11,Medium,1,0,Good,1,0,0,0,No,Excellent
E100637,32,Male,Life Sciences,Married,Development,Technical Lead,Travel_Frequently,7,Bachelor,Medium,100,Very High,1,Medium,1,No,20,High,5,3,Bad,5,1,0,3,No,Excellent
E100639,38,Male,Life Sciences,Married,Sales,Sales Executive,Non-Travel,2,College,Very High,39,Medium,2,Very High,3,No,18,Very High,13,0,Better,8,7,7,5,No,Excellent
E100640,32,Male,Technical Degree,Single,Development,Developer,Travel_Rarely,2,Below College,Very High,84,Medium,2,Low,4,No,13,Very High,9,5,Better,6,2,0,4,No,Excellent
E100641,46,Female,Technical Degree,Married,Sales,Manager,Travel_Rarely,2,Bachelor,High,75,Low,4,Medium,3,Yes,12,Medium,28,2,Good,7,7,7,7,No,Excellent
E100642,28,Male,Life Sciences,Single,Development,Developer,Travel_Rarely,2,Master,Low,79,High,1,High,2,No,11,High,5,5,Bad,0,0,0,0,Yes,Excellent
E100644,29,Male,Medical,Married,Sales,Sales Executive,Travel_Rarely,2,Bachelor,Low,78,Medium,2,Medium,2,No,19,Medium,10,2,Better,0,0,0,0,No,Excellent
E100645,31,Male,Medical,Married,Data Science,Data Scientist,Travel_Rarely,23,Bachelor,Medium,64,Medium,2,Very High,0,No,21,Medium,10,2,Better,9,0,7,8,No,Outstanding
E100647,25,Male,Life Sciences,Divorced,Development,Developer,Non-Travel,5,College,Medium,85,Very High,2,Low,1,No,12,Very High,6,2,Better,6,3,1,5,No,Excellent
E100650,45,Male,Medical,Married,Development,Technical Lead,Travel_Rarely,20,College,High,79,High,4,Very High,0,Yes,14,Medium,21,2,Better,20,7,4,10,No,Excellent
E100652,55,Male,Medical,Single,Development,Developer,Travel_Rarely,1,Bachelor,Very High,81,High,5,Low,0,Yes,14,High,37,2,Better,36,10,4,13,No,Excellent
E100655,28,Male,Medical,Married,Development,Technical Lead,Travel_Rarely,9,Bachelor,Very High,94,High,1,Very High,1,No,23,Very High,5,3,Good,5,2,0,4,No,Outstanding
E100656,37,Male,Medical,Married,Sales,Sales Executive,Travel_Rarely,6,Master,High,98,High,2,Very High,4,No,14,Medium,7,5,Best,5,4,0,1,No,Outstanding
E100657,21,Male,Medical,Single,Development,Developer,Travel_Rarely,3,College,Very High,100,Medium,1,High,1,No,17,Low,3,4,Best,3,2,1,0,No,Outstanding
E100658,37,Female,Medical,Divorced,Development,Developer,Non-Travel,1,Master,Low,80,High,3,Very High,2,Yes,18,Low,15,2,Better,5,2,0,2,No,Excellent
E100659,35,Female,Life Sciences,Divorced,Development,Technical Lead,Travel_Rarely,22,Bachelor,Medium,71,Very High,3,Medium,7,No,18,Medium,10,6,Good,7,7,6,2,No,Excellent
E100660,38,Female,Medical,Divorced,Sales,Sales Executive,Travel_Rarely,7,College,Low,44,Very High,2,Low,1,Yes,24,High,8,3,Better,8,0,7,7,No,Outstanding
E100662,26,Female,Life Sciences,Divorced,Data Science,Data Scientist,Travel_Frequently,1,Bachelor,High,84,High,2,Medium,1,No,20,Low,6,6,Bad,6,5,1,4,No,Excellent
E100663,50,Male,Life Sciences,Divorced,Development,Developer,Travel_Rarely,4,Below College,Low,96,High,5,Medium,3,No,14,Low,28,4,Good,10,4,1,6,No,Good
E100664,53,Male,Medical,Married,Development,Technical Lead,Travel_Rarely,3,Master,High,45,High,4,High,3,Yes,16,Very High,21,5,Good,5,3,1,3,No,Excellent
E100665,42,Male,Life Sciences,Married,Sales,Sales Executive,Travel_Rarely,1,Below College,Medium,99,High,2,High,1,No,25,High,20,3,Better,20,16,11,6,No,Good
E100668,26,Male,Medical,Married,Development,Developer,Travel_Frequently,11,College,Low,60,High,2,Low,1,Yes,13,High,5,3,Better,5,3,3,3,No,Excellent
E100669,37,Female,Life Sciences,Single,Development,Technical Lead,Travel_Rarely,1,Bachelor,Very High,42,High,1,Very High,1,No,12,Medium,17,3,Better,17,12,5,7,No,Excellent
E100670,44,Male,Life Sciences,Divorced,Development,Developer,Travel_Frequently,24,Bachelor,Very High,43,High,1,High,3,Yes,22,Very High,19,0,Bad,1,0,0,0,Yes,Excellent
E100671,38,Male,Life Sciences,Divorced,Development,Developer,Travel_Rarely,23,Master,Very High,82,High,2,Very High,9,No,14,Medium,10,2,Better,2,2,1,2,No,Excellent
E100672,26,Male,Medical,Divorced,Data Science,Data Scientist,Travel_Rarely,16,Master,Low,45,High,1,Medium,2,Yes,13,Very High,5,2,Better,3,2,0,2,Yes,Excellent
E100673,28,Female,Life Sciences,Single,Development,Technical Lead,Travel_Rarely,8,College,Very High,66,High,1,Very High,1,No,21,Very High,5,3,Better,5,3,0,2,No,Outstanding
E100674,49,Female,Life Sciences,Single,Development,Developer,Travel_Frequently,10,Master,High,35,High,5,Low,9,Yes,11,Very High,22,4,Better,3,2,1,2,No,Excellent
E100677,31,Female,Marketing,Divorced,Sales,Sales Representative,Travel_Frequently,5,Bachelor,Very High,84,High,1,Medium,1,No,11,High,2,5,Good,2,2,2,2,No,Excellent
E100679,26,Male,Marketing,Single,Sales,Sales Executive,Travel_Rarely,4,Master,Very High,48,Medium,2,Very High,1,Yes,12,Medium,8,0,Better,8,7,7,4,Yes,Excellent
E100681,37,Male,Medical,Married,Development,Developer,Travel_Frequently,9,Bachelor,Medium,53,High,1,Very High,1,Yes,12,High,4,3,Good,4,2,1,2,No,Good
E100682,42,Female,Marketing,Married,Sales,Sales Executive,Travel_Frequently,26,Bachelor,High,77,High,4,Medium,5,No,14,Very High,23,2,Best,20,4,4,8,No,Excellent
E100683,18,Male,Life Sciences,Single,Development,Developer,Travel_Rarely,3,Bachelor,High,54,High,1,High,1,No,13,High,0,2,Better,0,0,0,0,Yes,Excellent
E100684,35,Male,Marketing,Married,Sales,Sales Executive,Travel_Rarely,16,Bachelor,High,96,High,3,Medium,0,No,15,High,12,3,Good,11,9,6,9,No,Excellent
E100685,36,Male,Life Sciences,Married,Development,Developer,Travel_Frequently,18,Master,High,81,Very High,1,Very High,4,No,18,Very High,4,2,Better,1,0,0,0,No,Excellent
E100686,51,Male,Medical,Divorced,Development,Technical Lead,Travel_Rarely,2,Bachelor,Very High,84,Low,2,Medium,5,No,18,Very High,13,3,Better,4,1,1,2,No,Excellent
E100688,41,Male,Life Sciences,Single,Sales,Manager,Travel_Rarely,2,Master,Very High,88,High,4,Medium,1,No,19,Medium,22,2,Better,22,10,0,4,No,Excellent
E100689,18,Female,Medical,Single,Sales,Sales Representative,Travel_Rarely,10,Bachelor,Very High,69,Medium,1,High,1,No,12,Low,0,2,Better,0,0,0,0,No,Excellent
E100690,28,Male,Medical,Single,Data Science,Data Scientist,Travel_Rarely,16,College,Medium,68,Very High,2,Low,0,No,19,High,9,2,Better,8,3,0,7,No,Excellent
E100695,39,Male,Medical,Divorced,Development,Technical Lead,Travel_Rarely,1,Bachelor,High,48,Very High,3,Very High,0,No,17,Low,19,5,Good,18,10,3,7,No,Excellent
E100697,36,Female,Life Sciences,Married,Development,Technical Lead,Non-Travel,24,Master,Medium,47,High,2,Medium,7,No,15,High,11,3,Better,9,8,0,8,No,Excellent
E100698,32,Male,Life Sciences,Married,Sales,Sales Executive,Travel_Rarely,7,Bachelor,Very High,91,Medium,2,High,1,No,14,High,13,3,Good,13,8,4,8,No,Excellent
E100699,38,Female,Life Sciences,Married,Development,Developer,Travel_Rarely,25,College,Low,81,Medium,3,Medium,3,No,17,High,19,2,Better,10,8,0,1,No,Excellent
E100701,31,Male,Technical Degree,Married,Development,Developer,Travel_Rarely,5,Master,High,86,High,1,Very High,0,Yes,12,High,6,4,Better,5,2,0,3,No,Excellent
E100702,31,Male,Human Resources,Married,Human Resources,Human Resources,Travel_Rarely,2,Bachelor,Low,62,Medium,2,Low,3,No,12,Very High,9,1,Better,2,2,1,0,No,Good
E100703,45,Male,Life Sciences,Divorced,Development,Technical Lead,Travel_Frequently,7,Bachelor,Low,97,High,3,Low,1,No,18,Low,24,2,Better,24,9,9,11,No,Excellent
E100704,31,Male,Life Sciences,Divorced,Development,Developer,Travel_Rarely,2,Master,High,32,High,1,Very High,0,Yes,18,Medium,3,2,Bad,2,2,2,2,No,Excellent
E100706,33,Female,Life Sciences,Married,Development,Developer,Travel_Frequently,5,Master,Very High,74,High,3,Medium,6,No,11,Medium,12,2,Better,10,6,8,8,No,Excellent
E100707,39,Male,Medical,Married,Development,Developer,Travel_Rarely,10,Below College,High,99,High,4,Low,1,Yes,14,Very High,21,3,Better,21,9,11,10,No,Excellent
E100708,43,Female,Life Sciences,Single,Development,Developer,Travel_Frequently,10,Master,High,33,High,1,Very High,0,No,19,Low,9,5,Better,8,7,1,7,No,Excellent
E100709,49,Female,Technical Degree,Single,Development,Technical Lead,Travel_Rarely,1,College,High,90,Medium,4,High,7,Yes,12,Very High,25,2,Better,7,1,0,7,No,Excellent
E100712,27,Female,Life Sciences,Single,Development,Technical Lead,Travel_Rarely,5,Bachelor,High,85,High,1,Medium,1,Yes,12,Medium,4,2,Good,4,3,1,2,No,Excellent
E100714,32,Female,Technical Degree,Married,Sales,Sales Executive,Travel_Rarely,8,College,High,65,Medium,2,Medium,1,Yes,11,Very High,13,2,Better,13,12,11,9,No,Excellent
E100715,27,Male,Life Sciences,Single,Sales,Sales Executive,Travel_Rarely,2,Bachelor,Very High,74,High,2,High,1,Yes,11,Low,5,3,Better,5,4,0,4,No,Excellent
E100716,31,Male,Marketing,Divorced,Sales,Sales Executive,Travel_Rarely,7,Bachelor,Very High,73,High,2,Very High,4,No,12,Very High,13,3,Better,7,7,1,7,No,Excellent
E100717,32,Female,Medical,Single,Development,Technical Lead,Travel_Rarely,2,Master,Low,74,Very High,2,Very High,7,No,16,High,10,0,Good,7,7,0,7,No,Excellent
E100719,30,Female,Medical,Married,Development,Delivery Manager,Travel_Rarely,28,College,Very High,64,High,2,Very High,1,No,13,Very High,11,2,Better,10,8,1,9,No,Excellent
E100722,39,Male,Medical,Married,Development,Developer,Travel_Frequently,7,College,High,54,Medium,5,Very High,1,No,15,Low,21,2,Better,21,9,13,3,No,Excellent
E100723,39,Female,Medical,Married,Sales,Sales Executive,Travel_Rarely,3,College,Very High,41,High,2,High,4,Yes,18,Low,12,3,Good,1,0,0,0,Yes,Excellent
E100724,33,Male,Marketing,Single,Sales,Sales Executive,Travel_Frequently,10,Bachelor,Medium,46,Medium,2,Very High,3,No,14,High,9,6,Good,7,7,0,1,No,Outstanding
E100725,47,Male,Life Sciences,Married,Data Science,Data Scientist,Travel_Rarely,5,Doctor,Very High,42,High,5,High,4,No,11,Medium,21,2,Better,3,2,1,1,No,Excellent
E100727,27,Male,Marketing,Married,Sales,Sales Executive,Non-Travel,1,Below College,High,73,High,2,Medium,0,Yes,13,Very High,6,0,Better,5,4,1,4,No,Excellent
E100729,43,Female,Life Sciences,Married,Development,Delivery Manager,Travel_Rarely,7,Bachelor,High,43,High,3,Low,8,No,16,Low,10,1,Good,1,0,0,0,No,Excellent
E100730,45,Male,Other,Married,Development,Developer,Travel_Rarely,8,Master,Very High,75,High,2,Very High,9,No,14,Low,12,3,Better,10,9,9,8,No,Excellent
E100731,40,Male,Medical,Married,Sales,Sales Executive,Travel_Rarely,1,College,Medium,57,Low,2,Very High,2,Yes,22,High,6,2,Good,4,3,0,2,No,Excellent
E100732,29,Male,Other,Married,Development,Developer,Travel_Rarely,8,Master,Medium,77,Low,1,Low,1,Yes,11,Very High,7,4,Good,7,7,0,7,Yes,Excellent
E100734,30,Female,Marketing,Divorced,Sales,Sales Executive,Travel_Rarely,5,Bachelor,Very High,30,Medium,2,High,1,No,13,High,10,2,Better,10,9,1,2,No,Excellent
E100736,27,Female,Marketing,Married,Sales,Sales Executive,Travel_Rarely,8,Master,Medium,56,High,2,Medium,1,No,18,Low,8,3,Better,8,7,0,7,No,Excellent
E100738,37,Male,Medical,Divorced,Development,Delivery Manager,Travel_Rarely,5,College,Very High,61,High,2,Very High,7,No,16,High,8,2,Good,6,2,0,4,No,Excellent
E100739,38,Male,Life Sciences,Divorced,Development,Developer,Travel_Rarely,15,College,High,92,Medium,3,Very High,0,Yes,14,Medium,12,3,Better,11,10,2,9,No,Excellent
E100740,31,Female,Medical,Single,Development,Delivery Manager,Travel_Rarely,7,Master,High,39,High,3,Very High,1,Yes,14,High,11,2,Good,11,9,4,10,No,Excellent
E100741,29,Female,Marketing,Divorced,Sales,Sales Executive,Travel_Rarely,10,Below College,Very High,39,Medium,2,Medium,1,Yes,14,Low,7,2,Better,7,7,1,7,No,Excellent
E100742,35,Male,Technical Degree,Single,Development,Delivery Manager,Travel_Rarely,5,Master,High,62,High,3,Medium,0,No,13,Very High,17,5,Better,16,6,0,13,No,Excellent
E100744,41,Male,Medical,Single,Development,Developer,Travel_Rarely,6,Bachelor,Very High,95,Medium,2,Medium,6,Yes,15,Very High,8,3,Better,5,4,1,2,No,Excellent
E100745,47,Male,Medical,Single,Sales,Sales Representative,Travel_Frequently,4,Below College,Medium,99,High,2,High,3,No,19,Low,5,3,Better,0,0,0,0,No,Excellent
E100746,42,Female,Life Sciences,Single,Development,Developer,Travel_Rarely,23,Doctor,Low,44,High,4,Very High,2,No,14,Medium,16,2,Better,1,0,0,0,No,Excellent
E100747,29,Male,Life Sciences,Married,Sales,Sales Executive,Non-Travel,2,Bachelor,Very High,61,High,2,High,1,No,14,Low,4,3,Good,4,3,0,2,No,Excellent
E100748,42,Male,Technical Degree,Divorced,Human Resources,Human Resources,Travel_Rarely,2,Below College,High,52,High,1,High,0,Yes,11,High,4,5,Better,3,2,1,0,No,Excellent
E100752,37,Male,Medical,Divorced,Development,Delivery Manager,Travel_Rarely,6,Bachelor,High,51,Very High,2,Low,4,Yes,13,Low,13,2,Better,7,7,6,7,No,Excellent
E100754,26,Male,Life Sciences,Married,Sales,Sales Executive,Travel_Rarely,1,Bachelor,High,57,High,2,High,1,No,17,Medium,8,3,Better,8,7,7,7,No,Excellent
E100756,21,Female,Technical Degree,Single,Sales,Sales Representative,Travel_Frequently,1,Below College,Low,99,Medium,1,Medium,1,Yes,11,High,3,3,Better,3,2,1,2,Yes,Good
E100757,36,Female,Medical,Single,Sales,Sales Executive,Non-Travel,1,Doctor,Very High,45,High,2,Very High,4,No,15,Medium,7,6,Better,1,0,0,0,No,Excellent
E100759,36,Male,Medical,Married,Sales,Sales Executive,Travel_Frequently,3,Master,Low,48,Medium,3,Very High,4,No,11,Low,16,2,Better,13,9,1,12,No,Good
E100760,57,Male,Medical,Married,Development,Developer,Travel_Rarely,1,Master,Very High,88,High,2,High,2,No,11,High,15,2,Better,3,2,1,2,No,Excellent
E100761,40,Female,Life Sciences,Married,Development,Delivery Manager,Travel_Rarely,10,Master,Very High,46,Very High,1,High,3,Yes,13,High,10,3,Better,7,7,1,7,No,Excellent
E100762,21,Male,Medical,Single,Sales,Sales Representative,Non-Travel,9,College,Low,39,High,1,Very High,1,No,24,High,3,3,Good,3,2,2,2,No,Good
E100766,41,Male,Marketing,Single,Sales,Sales Executive,Travel_Frequently,4,Bachelor,Low,56,High,2,Medium,1,No,18,High,8,5,Better,8,7,7,7,Yes,Good
E100770,40,Male,Marketing,Married,Sales,Sales Executive,Travel_Rarely,22,College,High,68,Medium,2,High,2,Yes,12,Low,8,6,Better,6,4,1,0,Yes,Excellent
E100771,31,Male,Life Sciences,Single,Development,Developer,Travel_Rarely,9,Master,High,42,Medium,1,Medium,0,Yes,16,Very High,3,5,Better,2,2,2,2,No,Excellent
E100772,21,Female,Life Sciences,Single,Sales,Sales Representative,Travel_Rarely,12,Bachelor,High,90,Very High,1,Medium,1,No,15,Very High,1,0,Better,1,0,0,0,Yes,Excellent
E100773,29,Male,Life Sciences,Single,Development,Delivery Manager,Travel_Rarely,23,Bachelor,Very High,54,High,1,Very High,9,No,16,Very High,6,4,Better,3,2,1,2,No,Excellent
E100774,35,Male,Life Sciences,Single,Development,Developer,Travel_Rarely,9,Master,High,97,Medium,2,Medium,9,No,19,High,10,5,Better,1,1,0,0,No,Excellent
E100775,27,Male,Medical,Divorced,Data Science,Data Scientist,Travel_Rarely,1,College,Very High,82,High,1,Medium,1,No,11,Medium,5,2,Better,5,2,0,4,No,Excellent
E100776,28,Male,Life Sciences,Single,Sales,Sales Executive,Travel_Rarely,9,Master,Medium,92,High,2,Very High,1,No,16,Very High,7,1,Better,7,5,0,7,No,Excellent
E100777,49,Male,Other,Single,Development,Delivery Manager,Travel_Rarely,7,Bachelor,Medium,31,Medium,3,High,8,No,24,High,26,2,Better,5,2,0,0,No,Excellent
E100778,51,Female,Life Sciences,Married,Sales,Sales Executive,Travel_Rarely,14,College,High,87,High,2,Very High,4,No,11,High,18,2,Good,7,7,0,7,No,Excellent
E100779,36,Female,Life Sciences,Married,Development,Developer,Travel_Rarely,2,Bachelor,Very High,96,High,1,High,4,No,13,Medium,6,3,Better,2,2,2,2,No,Excellent
E100780,34,Male,Marketing,Single,Sales,Sales Executive,Non-Travel,19,Bachelor,Low,67,Very High,2,Very High,8,Yes,13,Medium,9,3,Good,5,2,0,4,Yes,Excellent
E100783,55,Female,Life Sciences,Single,Development,Delivery Manager,Travel_Rarely,2,Bachelor,High,97,High,4,Very High,2,Yes,13,High,30,2,Better,5,4,1,2,No,Excellent
E100786,30,Male,Technical Degree,Married,Sales,Sales Representative,Travel_Rarely,2,Below College,High,72,High,1,Medium,1,No,18,Low,1,3,Better,1,0,0,0,No,Excellent
E100788,26,Male,Technical Degree,Single,Development,Developer,Travel_Frequently,3,Below College,High,73,High,1,Low,0,No,22,High,7,2,Better,6,4,0,4,Yes,Outstanding
E100789,22,Female,Medical,Married,Development,Developer,Travel_Rarely,11,Bachelor,Low,43,High,1,Medium,1,No,13,Very High,2,1,Better,2,1,1,2,No,Excellent
E100791,36,Male,Medical,Married,Sales,Sales Executive,Travel_Rarely,2,College,Medium,61,Medium,3,High,1,No,13,Medium,10,2,Better,10,9,9,0,No,Good
E100792,30,Male,Technical Degree,Single,Development,Developer,Travel_Frequently,4,Bachelor,High,40,High,1,Very High,9,Yes,23,High,3,4,Better,1,0,0,0,Yes,Outstanding
E100793,37,Female,Life Sciences,Divorced,Development,Delivery Manager,Travel_Rarely,14,Bachelor,Very High,95,High,1,Low,1,No,12,High,18,2,Good,18,7,12,17,No,Excellent
E100794,40,Female,Marketing,Divorced,Sales,Sales Executive,Travel_Rarely,2,College,Very High,46,High,2,Medium,7,No,12,High,8,5,Better,5,4,1,3,No,Excellent
E100796,37,Male,Life Sciences,Single,Development,Delivery Manager,Travel_Rarely,10,Master,High,49,High,2,Medium,2,Yes,12,Very High,18,2,Good,1,0,0,1,No,Excellent
E100798,43,Male,Life Sciences,Divorced,Development,Developer,Travel_Rarely,12,Bachelor,Low,59,Medium,4,Medium,1,No,11,High,25,3,Better,25,10,3,9,No,Good
E100799,40,Female,Medical,Married,Development,Developer,Travel_Rarely,2,Bachelor,Medium,78,Medium,2,High,6,No,22,Medium,20,3,Better,1,0,0,0,No,Outstanding
E100800,54,Male,Medical,Married,Development,Developer,Travel_Rarely,5,College,Low,86,High,5,Low,4,No,11,High,24,4,Good,4,2,1,2,No,Excellent
E100802,31,Female,Medical,Married,Development,Developer,Travel_Rarely,7,College,Medium,31,High,2,Low,1,No,12,Medium,13,5,Bad,13,10,3,12,No,Excellent
E100803,43,Male,Medical,Married,Development,Developer,Travel_Frequently,21,Bachelor,Very High,61,High,1,Very High,7,No,20,Low,8,1,Better,3,2,1,2,No,Outstanding
E100805,25,Female,Life Sciences,Single,Sales,Sales Executive,Travel_Rarely,4,College,Medium,99,Medium,2,Very High,1,Yes,11,Medium,5,3,Better,5,4,1,3,No,Good
E100807,37,Female,Medical,Married,Development,Senior Developer,Non-Travel,25,Doctor,Medium,72,High,2,High,3,Yes,15,Low,15,2,Better,13,11,10,7,No,Excellent
E100808,31,Male,Life Sciences,Married,Development,Developer,Travel_Rarely,1,College,Very High,98,Medium,1,Low,1,No,12,High,4,3,Better,4,2,3,2,No,Excellent
E100809,39,Male,Life Sciences,Divorced,Development,Senior Developer,Travel_Frequently,1,Below College,Medium,52,High,5,High,1,Yes,14,High,21,3,Better,21,8,1,6,No,Good
E100811,30,Female,Technical Degree,Single,Sales,Sales Executive,Travel_Rarely,12,Bachelor,Medium,83,High,2,High,0,No,11,Medium,6,6,Better,5,4,4,4,No,Good
E100812,41,Male,Marketing,Married,Sales,Sales Executive,Travel_Rarely,1,Bachelor,Medium,49,Very High,3,Low,1,No,16,High,10,2,Better,10,7,0,7,No,Excellent
E100814,28,Male,Medical,Divorced,Development,Senior Developer,Travel_Rarely,17,College,High,79,High,2,Low,1,No,12,Very High,10,2,Better,10,0,1,8,No,Excellent
E100816,25,Male,Medical,Married,Development,Developer,Travel_Rarely,3,Bachelor,Low,91,High,1,Low,5,No,13,High,6,5,Better,2,2,0,2,Yes,Excellent
E100821,52,Male,Medical,Married,Development,Developer,Travel_Rarely,3,Bachelor,Very High,39,Medium,3,High,2,Yes,14,High,28,4,Better,5,4,0,4,No,Excellent
E100822,45,Male,Life Sciences,Married,Development,Developer,Travel_Rarely,10,College,Low,69,High,1,Very High,3,No,21,Very High,8,3,Good,2,2,0,2,No,Excellent
E100824,52,Female,Life Sciences,Married,Data Science,Data Scientist,Travel_Rarely,4,College,Very High,30,High,4,Very High,2,No,13,Very High,31,2,Bad,5,2,1,4,No,Excellent
E100825,42,Female,Life Sciences,Divorced,Development,Developer,Travel_Frequently,29,College,Low,92,High,2,High,2,No,11,Medium,19,3,Better,5,4,0,2,No,Excellent
E100826,30,Female,Life Sciences,Single,Development,Developer,Travel_Rarely,2,Bachelor,High,43,Low,2,Very High,2,No,20,High,11,2,Better,5,4,0,2,No,Outstanding
E100827,60,Female,Life Sciences,Married,Development,Developer,Travel_Rarely,7,Bachelor,Low,41,High,5,Low,5,No,11,Very High,33,5,Bad,29,8,11,10,No,Excellent
E100828,46,Female,Medical,Divorced,Data Science,Data Scientist,Travel_Rarely,18,Bachelor,High,87,High,2,High,2,No,14,High,19,5,Good,10,7,0,8,No,Excellent
E100832,24,Female,Technical Degree,Single,Sales,Sales Representative,Travel_Rarely,1,Below College,Low,62,High,1,Medium,1,Yes,16,Medium,6,4,Better,5,3,1,4,Yes,Excellent
E100833,34,Female,Marketing,Divorced,Sales,Sales Representative,Travel_Frequently,6,College,Very High,33,Low,1,High,0,No,16,Very High,3,3,Good,2,2,1,0,Yes,Excellent
E100834,38,Male,Life Sciences,Married,Data Science,Data Scientist,Travel_Frequently,2,College,Very High,42,High,1,Very High,1,Yes,23,High,1,3,Better,1,0,0,0,No,Outstanding
E100836,40,Female,Life Sciences,Married,Sales,Manager,Travel_Rarely,2,Master,High,79,High,5,High,0,No,14,Very High,21,2,Better,20,15,1,12,No,Excellent
E100838,26,Female,Life Sciences,Divorced,Development,Senior Developer,Travel_Rarely,23,Bachelor,Low,90,High,1,Very High,1,No,22,Medium,3,3,Bad,3,2,0,2,No,Excellent
E100840,30,Male,Life Sciences,Married,Development,Senior Developer,Non-Travel,3,Bachelor,High,53,High,1,Very High,4,No,15,High,9,3,Bad,5,3,1,4,No,Excellent
E100842,29,Male,Medical,Married,Development,Developer,Travel_Rarely,3,Master,Medium,93,Medium,3,High,1,No,18,High,10,2,Better,10,2,0,7,No,Excellent
E100843,29,Female,Technical Degree,Married,Development,Developer,Travel_Rarely,25,Doctor,High,71,Medium,1,Medium,5,No,16,Medium,6,2,Best,2,2,1,1,Yes,Excellent
E100844,19,Male,Technical Degree,Single,Human Resources,Human Resources,Travel_Rarely,2,College,Low,52,Medium,1,Very High,1,No,12,High,1,3,Best,1,0,0,0,Yes,Excellent
E100845,30,Female,Other,Married,Sales,Sales Executive,Non-Travel,22,Master,High,69,High,3,Low,0,No,11,High,10,3,Better,9,8,7,8,No,Excellent
E100846,57,Male,Marketing,Divorced,Sales,Manager,Travel_Rarely,29,Bachelor,Low,56,Medium,4,Very High,3,No,12,High,32,3,Good,1,0,0,0,No,Excellent
E100847,50,Male,Life Sciences,Married,Development,Senior Developer,Travel_Rarely,29,Master,Medium,88,Medium,4,High,0,No,15,Medium,28,2,Better,27,10,15,7,No,Excellent
E100852,47,Female,Medical,Divorced,Development,Developer,Travel_Rarely,2,College,Low,65,High,2,Very High,5,No,13,High,20,2,Better,5,0,0,4,No,Excellent
E100853,46,Male,Life Sciences,Married,Development,Senior Developer,Travel_Rarely,2,Bachelor,Low,51,High,4,High,6,No,13,High,26,2,Bad,3,2,0,1,No,Excellent
E100855,35,Male,Life Sciences,Single,Development,Developer,Travel_Rarely,22,Bachelor,Very High,46,Low,1,High,0,No,15,High,6,2,Better,5,4,4,3,No,Excellent
E100856,54,Female,Life Sciences,Single,Development,Developer,Travel_Rarely,8,Master,High,42,High,2,High,7,No,11,High,19,3,Better,1,0,0,0,No,Excellent
E100857,34,Male,Life Sciences,Divorced,Development,Senior Developer,Travel_Rarely,2,Master,Very High,62,Medium,1,High,3,No,12,High,14,3,Better,7,3,5,7,No,Excellent
E100858,46,Female,Marketing,Married,Sales,Sales Executive,Travel_Rarely,10,Bachelor,High,94,Medium,3,Very High,2,Yes,19,High,15,3,Better,3,2,1,2,No,Excellent
E100859,31,Male,Life Sciences,Divorced,Development,Senior Developer,Travel_Rarely,9,Below College,High,33,High,3,Medium,1,No,25,Very High,13,6,Best,13,8,0,8,No,Excellent
E100860,33,Male,Medical,Married,Development,Senior Developer,Travel_Rarely,15,Below College,Medium,56,High,3,High,7,Yes,12,Very High,15,2,Best,7,6,7,7,Yes,Good
E100862,33,Male,Medical,Divorced,Development,Developer,Travel_Rarely,10,Below College,Low,38,Low,1,Very High,7,No,13,Low,8,2,Better,4,3,1,3,Yes,Excellent
E100863,30,Male,Marketing,Single,Sales,Sales Representative,Travel_Rarely,7,Below College,Very High,57,High,1,Medium,0,No,14,Low,4,3,Better,3,2,1,2,No,Excellent
E100864,35,Male,Life Sciences,Married,Development,Senior Developer,Travel_Rarely,16,Bachelor,Very High,72,High,3,High,4,Yes,12,High,10,2,Better,8,7,0,0,No,Excellent
E100865,31,Male,Life Sciences,Married,Development,Developer,Travel_Frequently,20,Bachelor,Low,66,High,3,High,3,No,12,Low,12,2,Better,1,0,0,0,Yes,Excellent
E100868,34,Female,Human Resources,Divorced,Human Resources,Human Resources,Travel_Frequently,23,Bachelor,Medium,43,High,3,Low,9,Yes,15,High,11,2,Better,3,2,0,2,Yes,Excellent
E100869,42,Male,Other,Married,Data Science,Data Scientist,Travel_Frequently,5,College,Medium,97,High,1,High,4,No,17,Very High,8,4,Better,2,2,2,0,No,Excellent
E100870,36,Male,Medical,Single,Sales,Sales Executive,Non-Travel,10,Master,Medium,32,High,3,Very High,1,No,14,Very High,10,3,Good,10,3,9,7,No,Good
E100871,22,Male,Technical Degree,Single,Development,Senior Developer,Travel_Frequently,4,Below College,High,99,Medium,1,High,5,No,16,High,4,3,Better,2,2,1,2,Yes,Excellent
E100873,48,Female,Marketing,Married,Sales,Sales Executive,Travel_Rarely,2,Doctor,Medium,37,High,2,Very High,2,No,14,Low,14,2,Better,9,7,6,7,No,Good
E100875,55,Female,Life Sciences,Single,Sales,Manager,Travel_Rarely,18,Doctor,Low,83,High,4,Medium,3,No,23,Very High,37,2,Better,10,9,7,7,No,Good
E100877,41,Male,Life Sciences,Single,Sales,Sales Executive,Non-Travel,10,College,Very High,56,High,2,Very High,7,No,14,Very High,16,3,Better,14,3,1,10,No,Excellent
E100878,35,Male,Marketing,Married,Sales,Sales Executive,Travel_Rarely,1,Bachelor,Medium,85,High,2,High,9,No,11,High,15,2,Better,11,9,6,9,No,Good
E100880,39,Female,Life Sciences,Married,Development,Developer,Travel_Frequently,8,Below College,High,48,High,1,High,1,No,11,Low,8,3,Better,8,3,0,7,No,Excellent
E100882,31,Male,Life Sciences,Single,Sales,Sales Executive,Travel_Rarely,2,Below College,Medium,77,High,2,Very High,4,Yes,13,High,10,2,Best,6,5,0,5,No,Excellent
E100883,42,Male,Medical,Married,Development,Developer,Travel_Rarely,24,Bachelor,Very High,56,High,3,Low,1,Yes,21,Very High,10,5,Good,10,9,5,8,No,Outstanding
E100884,45,Male,Other,Married,Sales,Sales Executive,Travel_Rarely,2,Bachelor,Very High,61,High,2,Medium,0,No,19,Medium,9,3,Best,8,7,3,7,No,Excellent
E100890,33,Female,Medical,Divorced,Development,Developer,Travel_Rarely,1,Doctor,Low,95,Very High,4,High,4,No,19,High,10,2,Better,6,1,0,5,No,Excellent
E100891,31,Male,Life Sciences,Divorced,Sales,Manager,Travel_Rarely,7,Bachelor,High,44,Medium,3,Very High,9,No,21,High,10,3,Good,5,4,0,1,No,Outstanding
E100892,18,Male,Marketing,Single,Sales,Sales Representative,Travel_Frequently,5,Bachelor,Medium,69,High,1,Medium,1,Yes,14,Very High,0,3,Better,0,0,0,0,Yes,Excellent
E100893,40,Male,Other,Divorced,Sales,Sales Executive,Non-Travel,28,Bachelor,High,58,Low,3,Low,3,No,15,High,20,2,Better,1,0,0,1,No,Excellent
E100894,41,Female,Other,Single,Development,Developer,Non-Travel,2,Master,Low,62,Medium,2,High,2,Yes,17,Low,10,3,Better,8,7,0,7,No,Excellent
E100898,35,Female,Medical,Single,Sales,Sales Executive,Travel_Rarely,1,Bachelor,Low,80,High,2,High,1,No,16,Very High,5,3,Better,5,4,0,3,No,Excellent
E100899,34,Male,Life Sciences,Single,Sales,Sales Executive,Travel_Rarely,21,Master,Very High,74,Very High,2,Very High,1,No,12,Very High,10,3,Better,10,7,5,7,No,Excellent
E100900,26,Male,Technical Degree,Single,Development,Developer,Travel_Rarely,24,Bachelor,High,66,Low,1,Very High,1,Yes,18,Medium,1,3,Bad,1,0,0,0,Yes,Excellent
E100901,37,Female,Technical Degree,Single,Development,Developer,Travel_Rarely,1,Bachelor,Medium,59,High,3,Very High,4,No,17,Very High,12,3,Best,6,5,1,2,No,Outstanding
E100902,46,Female,Medical,Married,Development,Senior Developer,Travel_Frequently,18,Below College,Low,86,High,3,High,5,No,11,Very High,28,3,Good,2,2,1,2,No,Good
E100903,41,Female,Life Sciences,Married,Sales,Manager,Travel_Rarely,2,Doctor,Medium,91,High,4,Low,7,No,16,Medium,22,2,Better,18,16,11,8,No,Good
E100908,52,Male,Technical Degree,Divorced,Development,Developer,Travel_Rarely,6,College,Very High,78,High,2,Low,3,Yes,12,Medium,18,3,Better,10,9,6,9,No,Excellent
E100912,38,Female,Medical,Married,Data Science,Data Scientist,Travel_Rarely,10,Bachelor,High,76,High,2,High,3,No,19,High,18,4,Better,1,0,0,0,No,Excellent
E100913,37,Female,Life Sciences,Married,Development,Developer,Travel_Rarely,1,Master,Medium,65,High,2,Medium,6,No,12,Medium,8,2,Good,6,5,4,3,No,Excellent
E100916,49,Male,Life Sciences,Divorced,Development,Senior Developer,Travel_Rarely,18,Master,Very High,58,Medium,5,High,1,Yes,17,High,31,5,Better,31,9,0,9,No,Excellent
E100917,24,Male,Medical,Married,Development,Developer,Travel_Rarely,23,Bachelor,Medium,89,Very High,1,Very High,1,Yes,11,Medium,6,3,Better,6,5,1,4,No,Excellent
E100919,26,Male,Marketing,Married,Sales,Sales Executive,Travel_Rarely,28,College,Low,66,High,2,Medium,1,No,20,Very High,6,5,Best,5,3,1,4,No,Excellent
E100921,24,Male,Other,Married,Development,Developer,Travel_Rarely,17,College,Very High,94,Medium,1,Medium,1,No,21,Very High,1,2,Better,1,0,0,0,No,Outstanding
E100922,50,Male,Medical,Married,Human Resources,Manager,Travel_Frequently,3,Bachelor,Low,99,High,5,Medium,1,No,11,High,32,2,Better,32,5,10,7,No,Good
E100923,25,Male,Medical,Married,Sales,Sales Representative,Travel_Rarely,13,Below College,Medium,40,High,1,High,1,No,11,High,7,1,Better,7,4,0,6,No,Excellent
E100925,24,Female,Life Sciences,Married,Development,Senior Developer,Travel_Frequently,7,Bachelor,Low,55,High,1,High,1,Yes,16,Very High,6,4,Better,6,3,1,2,Yes,Good
E100927,34,Male,Life Sciences,Married,Development,Developer,Travel_Rarely,1,College,Medium,83,Medium,1,Very High,1,Yes,13,Very High,6,3,Better,6,5,1,3,No,Excellent
E100928,31,Male,Medical,Divorced,Sales,Sales Executive,Travel_Rarely,13,Master,Medium,46,High,2,Low,2,No,17,High,9,2,Bad,3,1,1,2,Yes,Excellent
E100931,31,Male,Medical,Divorced,Sales,Sales Executive,Travel_Rarely,6,Master,Low,66,Very High,2,Very High,4,No,22,Very High,13,4,Best,7,7,5,7,No,Good
E100933,27,Female,Medical,Divorced,Development,Developer,Travel_Rarely,6,Master,Low,66,Medium,1,High,0,No,12,High,6,5,Good,5,3,0,3,No,Excellent
E100934,37,Male,Marketing,Married,Sales,Sales Executive,Travel_Rarely,2,Bachelor,Very High,75,High,2,High,4,Yes,11,High,17,3,Good,3,0,1,0,No,Excellent
E100937,42,Female,Life Sciences,Married,Development,Developer,Travel_Rarely,2,Master,High,81,High,2,Very High,1,No,13,Medium,10,4,Better,10,2,2,2,No,Excellent
E100939,43,Male,Other,Divorced,Development,Developer,Travel_Rarely,6,Master,Medium,50,Medium,4,Very High,4,Yes,14,High,21,3,Good,1,0,0,0,No,Excellent
E100940,38,Female,Life Sciences,Single,Development,Developer,Travel_Rarely,1,Below College,High,43,High,1,Low,3,No,17,Very High,8,3,Good,0,0,0,0,No,Excellent
E100941,43,Male,Medical,Divorced,Development,Senior Developer,Travel_Frequently,9,Doctor,Very High,72,High,2,High,3,Yes,13,Medium,10,3,Better,8,7,4,7,No,Excellent
E100942,48,Female,Life Sciences,Married,Development,Senior Developer,Travel_Rarely,1,Master,Very High,40,Medium,4,Low,7,No,11,Low,21,3,Bad,3,2,0,2,No,Excellent
E100943,44,Female,Life Sciences,Single,Human Resources,Human Resources,Travel_Rarely,1,Master,Low,50,Medium,2,High,4,No,11,Medium,10,1,Best,2,2,0,2,No,Excellent
E100944,34,Female,Technical Degree,Divorced,Sales,Sales Representative,Travel_Rarely,14,Bachelor,High,31,High,1,High,1,Yes,18,Very High,8,3,Better,8,2,0,6,No,Excellent
E100945,27,Male,Marketing,Divorced,Sales,Sales Representative,Travel_Rarely,2,Below College,High,85,High,1,Low,0,No,11,Medium,5,3,Better,4,3,0,2,Yes,Excellent
E100947,21,Male,Technical Degree,Single,Sales,Sales Representative,Travel_Rarely,22,Below College,High,49,High,1,High,1,No,11,High,3,2,Better,3,2,1,2,No,Excellent
E100949,44,Male,Other,Married,Development,Senior Developer,Travel_Rarely,3,Master,Very High,35,High,5,Very High,4,Yes,12,Low,26,2,Best,2,2,0,1,No,Excellent
E100953,22,Male,Medical,Married,Development,Developer,Travel_Rarely,6,Below College,Low,69,High,1,High,0,No,20,Very High,3,3,Better,2,2,2,2,No,Excellent
E100957,32,Female,Life Sciences,Married,Development,Developer,Travel_Rarely,9,Master,Low,92,High,2,Very High,1,Yes,12,Very High,6,2,Good,6,4,0,5,No,Excellent
E100958,30,Female,Medical,Divorced,Development,Developer,Travel_Frequently,3,Bachelor,High,71,High,1,High,1,No,20,High,1,2,Better,1,0,0,0,No,Outstanding
E100961,34,Male,Life Sciences,Married,Development,Senior Developer,Travel_Rarely,1,Doctor,Medium,42,High,1,Very High,1,No,12,Very High,10,4,Good,10,9,8,8,No,Excellent
E100964,26,Female,Life Sciences,Married,Development,Developer,Travel_Rarely,6,Bachelor,High,71,High,1,Very High,1,Yes,13,High,3,2,Better,3,2,0,2,No,Excellent
E100967,37,Male,Other,Married,Development,Developer,Travel_Rarely,3,Bachelor,High,36,High,3,High,1,No,15,High,10,2,Better,10,7,7,8,No,Excellent
E100968,29,Female,Medical,Married,Sales,Sales Executive,Travel_Rarely,3,College,Medium,62,High,2,High,1,No,14,Low,6,5,Good,6,0,1,2,No,Excellent
E100969,35,Male,Life Sciences,Single,Development,Senior Developer,Travel_Rarely,6,Master,Medium,82,Low,2,Very High,1,No,13,Medium,17,3,Better,17,11,11,8,No,Excellent
E100976,54,Male,Medical,Married,Human Resources,Human Resources,Travel_Rarely,19,Master,High,88,High,3,Medium,2,No,15,High,16,1,Best,9,7,7,1,No,Excellent
E100977,36,Male,Medical,Divorced,Development,Developer,Travel_Rarely,9,College,Medium,48,Medium,2,Medium,2,Yes,11,High,13,2,Better,3,2,0,2,No,Excellent
E100979,20,Male,Medical,Single,Development,Senior Developer,Travel_Rarely,10,Below College,Very High,32,High,1,High,1,Yes,11,Very High,1,5,Better,1,0,1,1,Yes,Excellent
E100980,33,Male,Life Sciences,Single,Development,Senior Developer,Travel_Frequently,3,Bachelor,Low,70,High,1,Low,1,Yes,11,Low,10,3,Better,10,8,9,7,Yes,Excellent
E100983,23,Male,Medical,Married,Development,Developer,Travel_Rarely,4,Bachelor,Low,58,Very High,1,Low,2,No,16,Low,5,3,Best,3,2,0,2,No,Outstanding
E100985,25,Male,Life Sciences,Married,Sales,Sales Executive,Travel_Rarely,8,Bachelor,Very High,57,Very High,2,Medium,0,No,22,High,4,4,Better,3,2,1,2,No,Outstanding
E100987,38,Female,Marketing,Single,Sales,Sales Executive,Travel_Rarely,7,Master,Very High,46,Medium,2,Very High,0,No,20,Low,8,2,Better,7,7,0,5,No,Outstanding
E100988,29,Male,Life Sciences,Divorced,Development,Developer,Travel_Frequently,1,Master,Medium,76,Low,1,Very High,1,No,18,Very High,10,5,Better,10,7,2,8,No,Excellent
E100990,48,Male,Marketing,Married,Sales,Sales Executive,Travel_Rarely,2,Below College,Medium,56,Very High,2,Medium,3,No,12,Very High,12,3,Better,2,2,2,2,No,Excellent
E100992,27,Female,Medical,Divorced,Sales,Sales Executive,Travel_Frequently,3,Below College,Very High,71,Very High,2,Very High,1,Yes,20,Medium,6,3,Better,6,5,0,4,No,Outstanding
E100993,37,Male,Life Sciences,Single,Development,Senior Developer,Travel_Rarely,10,College,Very High,80,Very High,1,Very High,3,No,17,Low,4,2,Better,1,0,0,0,No,Excellent
E100994,50,Male,Medical,Married,Development,Senior Developer,Travel_Rarely,28,Below College,Very High,74,Very High,1,High,1,Yes,11,High,20,3,Better,20,8,3,8,No,Excellent
E100995,34,Female,Medical,Single,Data Science,Data Scientist,Travel_Rarely,9,Bachelor,Very High,46,Medium,3,Medium,1,No,14,Medium,9,3,Best,8,7,7,7,No,Excellent
E100998,24,Female,Life Sciences,Single,Sales,Sales Executive,Travel_Rarely,3,College,Low,65,High,2,High,9,No,14,Low,4,3,Better,2,2,2,0,Yes,Good
